{"textures":{"0":"modelengine:entity/rotter","1":"modelengine:entity/rotterhook2"},"elements":[{"name":"cube","from":[6.5,3.1999993,8.0],"to":[9.5,8.0,11.6],"rotation":{"angle":0.0,"axis":"x","origin":[9.5,20.0,14.0]},"faces":{"down":{"uv":[1.25,15.25,0.625,16.0],"rotation":0,"texture":"#0","tintindex":0},"east":{"uv":[0.625,12.75,1.375,13.75],"rotation":0,"texture":"#0","tintindex":0},"north":{"uv":[0.0,11.625,0.625,12.625],"rotation":0,"texture":"#0","tintindex":0},"south":{"uv":[0.0,12.625,0.625,13.625],"rotation":0,"texture":"#0","tintindex":0},"up":{"uv":[0.625,16.0,0.0,15.25],"rotation":0,"texture":"#0","tintindex":0},"west":{"uv":[0.625,11.75,1.375,12.75],"rotation":0,"texture":"#0","tintindex":0}}},{"name":"cube","from":[6.5,-1.000001,7.4],"to":[9.5,2.5999992,11.6],"rotation":{"angle":0.0,"axis":"x","origin":[9.5,20.0,14.0]},"faces":{"down":{"uv":[9.375,10.75,8.75,11.625],"rotation":0,"texture":"#0","tintindex":0},"east":{"uv":[10.125,10.125,11.0,10.875],"rotation":0,"texture":"#0","tintindex":0},"north":{"uv":[9.375,10.75,10.0,11.5],"rotation":0,"texture":"#0","tintindex":0},"south":{"uv":[10.875,2.625,11.5,3.375],"rotation":0,"texture":"#0","tintindex":0},"up":{"uv":[8.75,11.375,8.125,10.5],"rotation":0,"texture":"#0","tintindex":0},"west":{"uv":[10.25,0.0,11.125,0.75],"rotation":0,"texture":"#0","tintindex":0}}},{"name":"cube","from":[5.8999996,2.5999992,6.7999997],"to":[10.1,4.999999,12.2],"rotation":{"angle":0.0,"axis":"x","origin":[9.5,20.0,14.0]},"faces":{"down":{"uv":[7.625,9.25,6.75,10.375],"rotation":0,"texture":"#0","tintindex":0},"east":{"uv":[10.625,8.625,11.75,9.125],"rotation":0,"texture":"#0","tintindex":0},"north":{"uv":[0.0,11.125,0.875,11.625],"rotation":0,"texture":"#0","tintindex":0},"south":{"uv":[6.5,11.125,7.375,11.625],"rotation":0,"texture":"#0","tintindex":0},"up":{"uv":[10.125,7.5,9.25,6.375],"rotation":0,"texture":"#0","tintindex":0},"west":{"uv":[2.375,10.75,3.5,11.25],"rotation":0,"texture":"#0","tintindex":0}}},{"name":"cube","from":[6.5,-1.000001,6.2],"to":[9.5,0.79999924,7.4],"rotation":{"angle":0.0,"axis":"x","origin":[9.5,20.0,14.0]},"faces":{"down":{"uv":[1.25,5.0,0.625,5.25],"rotation":0,"texture":"#0","tintindex":0},"east":{"uv":[5.0,8.0,5.25,8.375],"rotation":0,"texture":"#0","tintindex":0},"north":{"uv":[8.375,2.25,9.0,2.625],"rotation":0,"texture":"#0","tintindex":0},"south":{"uv":[9.25,1.75,9.875,2.125],"rotation":0,"texture":"#0","tintindex":0},"up":{"uv":[0.625,5.25,0.0,5.0],"rotation":0,"texture":"#0","tintindex":0},"west":{"uv":[4.75,8.75,5.0,9.125],"rotation":0,"texture":"#0","tintindex":0}}}],"display":{"head":{"translation":[0.0,-6.4,0.0],"rotation":[0.0,0.0,0.0],"scale":[3.8095,3.8095,3.8095]}}}