{"textures":{"0":"modelengine:entity/rotter","1":"modelengine:entity/rotterhook2"},"elements":[{"name":"cube","from":[6.1399994,2.6000004,3.7999997],"to":[10.34,8.0,8.6],"rotation":{"angle":0.0,"axis":"x","origin":[13.400001,12.8,8.0]},"faces":{"down":{"uv":[10.25,0.0,9.375,1.0],"rotation":0,"texture":"#0","tintindex":0},"east":{"uv":[2.25,8.25,3.25,9.375],"rotation":0,"texture":"#0","tintindex":0},"north":{"uv":[5.875,9.125,6.75,10.25],"rotation":0,"texture":"#0","tintindex":0},"south":{"uv":[0.0,9.25,0.875,10.375],"rotation":0,"texture":"#0","tintindex":0},"up":{"uv":[10.125,5.5,9.25,4.5],"rotation":0,"texture":"#0","tintindex":0},"west":{"uv":[8.25,6.625,9.25,7.75],"rotation":0,"texture":"#0","tintindex":0}}}],"display":{"head":{"translation":[0.0,-6.4,0.0],"rotation":[0.0,0.0,0.0],"scale":[3.8095,3.8095,3.8095]}}}