{"textures":{"0":"modelengine:entity/rotter","1":"modelengine:entity/rotterhook2"},"elements":[{"name":"cube","from":[4.7,5.6,5.6],"to":[8.3,10.4,10.4],"rotation":{"angle":0.0,"axis":"x","origin":[8.0,17.6,12.2]},"faces":{"down":{"uv":[10.875,4.25,10.125,5.25],"rotation":0,"texture":"#0","tintindex":0},"east":{"uv":[6.625,1.0,7.625,2.0],"rotation":0,"texture":"#0","tintindex":0},"north":{"uv":[7.5,6.625,8.25,7.625],"rotation":0,"texture":"#0","tintindex":0},"south":{"uv":[7.625,1.0,8.375,2.0],"rotation":0,"texture":"#0","tintindex":0},"up":{"uv":[2.125,11.0,1.375,10.0],"rotation":0,"texture":"#0","tintindex":0},"west":{"uv":[5.25,6.75,6.25,7.75],"rotation":0,"texture":"#0","tintindex":0}}}],"display":{"head":{"translation":[0.0,-6.4,0.0],"rotation":[0.0,0.0,0.0],"scale":[3.8095,3.8095,3.8095]}}}