{"textures":{"0":"modelengine:entity/rotter","1":"modelengine:entity/rotterhook2"},"elements":[{"name":"cube","from":[5.66,2.6000004,3.7999997],"to":[9.860001,8.0,8.6],"rotation":{"angle":0.0,"axis":"x","origin":[2.6,12.8,8.0]},"faces":{"down":{"uv":[9.375,0.0,10.25,1.0],"rotation":0,"texture":"#0","tintindex":0},"east":{"uv":[9.25,6.625,8.25,7.75],"rotation":0,"texture":"#0","tintindex":0},"north":{"uv":[6.75,9.125,5.875,10.25],"rotation":0,"texture":"#0","tintindex":0},"south":{"uv":[0.875,9.25,0.0,10.375],"rotation":0,"texture":"#0","tintindex":0},"up":{"uv":[9.25,5.5,10.125,4.5],"rotation":0,"texture":"#0","tintindex":0},"west":{"uv":[3.25,8.25,2.25,9.375],"rotation":0,"texture":"#0","tintindex":0}}}],"display":{"head":{"translation":[0.0,-6.4,0.0],"rotation":[0.0,0.0,0.0],"scale":[3.8095,3.8095,3.8095]}}}