{"textures":{"0":"modelengine:entity/rotter","1":"modelengine:entity/rotterhook2"},"elements":[{"name":"cube","from":[7.867379,9.730867,6.114933],"to":[14.46738,15.730867,12.114933],"rotation":{"angle":22.5,"axis":"z","origin":[9.367379,13.330868,9.714933]},"faces":{"down":{"uv":[4.125,6.125,2.75,7.375],"rotation":0,"texture":"#0","tintindex":0},"east":{"uv":[6.25,6.75,7.5,8.0],"rotation":0,"texture":"#0","tintindex":0},"north":{"uv":[5.75,5.5,7.125,6.75],"rotation":0,"texture":"#0","tintindex":0},"south":{"uv":[0.0,5.875,1.375,7.125],"rotation":0,"texture":"#0","tintindex":0},"up":{"uv":[2.75,7.125,1.375,5.875],"rotation":0,"texture":"#0","tintindex":0},"west":{"uv":[0.0,7.125,1.25,8.375],"rotation":0,"texture":"#0","tintindex":0}}},{"name":"cube","from":[1.6999998,11.139531,5.5149326],"to":[8.9,15.339533,11.514933],"rotation":{"angle":0.0,"axis":"x","origin":[3.7999997,12.939532,9.714933]},"faces":{"down":{"uv":[6.375,4.25,4.875,5.5],"rotation":0,"texture":"#0","tintindex":0},"east":{"uv":[8.0,4.625,9.25,5.5],"rotation":0,"texture":"#0","tintindex":0},"north":{"uv":[2.5,7.375,4.0,8.25],"rotation":0,"texture":"#0","tintindex":0},"south":{"uv":[7.5,2.625,9.0,3.5],"rotation":0,"texture":"#0","tintindex":0},"up":{"uv":[6.375,4.25,4.875,3.0],"rotation":0,"texture":"#0","tintindex":0},"west":{"uv":[0.0,8.375,1.25,9.25],"rotation":0,"texture":"#0","tintindex":0}}},{"name":"cube","from":[6.067379,14.37228,7.1012573],"to":[10.26738,18.57228,11.301257],"rotation":{"angle":-22.5,"axis":"x","origin":[8.167379,14.67228,8.901257]},"faces":{"down":{"uv":[9.0,9.625,8.125,10.5],"rotation":0,"texture":"#0","tintindex":0},"east":{"uv":[9.375,9.25,10.25,10.125],"rotation":0,"texture":"#0","tintindex":0},"north":{"uv":[2.125,9.375,3.0,10.25],"rotation":0,"texture":"#0","tintindex":0},"south":{"uv":[4.75,9.625,5.625,10.5],"rotation":0,"texture":"#0","tintindex":0},"up":{"uv":[10.5,8.375,9.625,7.5],"rotation":0,"texture":"#0","tintindex":0},"west":{"uv":[9.625,5.5,10.5,6.375],"rotation":0,"texture":"#0","tintindex":0}}},{"name":"cube","from":[2.2999997,4.3999996,7.4],"to":[13.7,11.6,12.8],"rotation":{"angle":22.5,"axis":"x","origin":[3.7999997,14.600001,11.0]},"faces":{"down":{"uv":[4.875,4.125,2.5,5.25],"rotation":0,"texture":"#0","tintindex":0},"east":{"uv":[4.125,6.125,5.25,7.625],"rotation":0,"texture":"#0","tintindex":0},"north":{"uv":[2.5,0.0,4.875,1.5],"rotation":0,"texture":"#0","tintindex":0},"south":{"uv":[2.5,1.5,4.875,3.0],"rotation":0,"texture":"#0","tintindex":0},"up":{"uv":[4.875,4.125,2.5,3.0],"rotation":0,"texture":"#0","tintindex":0},"west":{"uv":[6.375,3.0,7.5,4.5],"rotation":0,"texture":"#0","tintindex":0}}},{"name":"cube","from":[4.7,4.983699,3.8163347],"to":[12.5,6.783699,8.616335],"rotation":{"angle":0.0,"axis":"x","origin":[5.6,13.3837,9.816336]},"faces":{"down":{"uv":[8.25,0.0,6.625,1.0],"rotation":0,"texture":"#0","tintindex":0},"east":{"uv":[2.375,11.25,3.375,11.625],"rotation":0,"texture":"#0","tintindex":0},"north":{"uv":[10.5,8.25,12.125,8.625],"rotation":0,"texture":"#0","tintindex":0},"south":{"uv":[10.625,2.25,12.25,2.625],"rotation":0,"texture":"#0","tintindex":0},"up":{"uv":[8.0,5.5,6.375,4.5],"rotation":0,"texture":"#0","tintindex":0},"west":{"uv":[11.25,6.375,12.25,6.75],"rotation":0,"texture":"#0","tintindex":0}}}],"display":{"head":{"translation":[0.0,-6.4,0.0],"rotation":[0.0,0.0,0.0],"scale":[3.8095,3.8095,3.8095]}}}