{"textures":{"0":"modelengine:entity/magnussword","1":"modelengine:entity/magnusshield","2":"modelengine:entity/magnus","3":"modelengine:entity/magnusswordfx","4":"modelengine:entity/magnuscracks"},"elements":[{"name":"cube","from":[5.6,-1.4333963,13.407743],"to":[11.0,2.766604,20.007744],"rotation":{"angle":45.0,"axis":"x","origin":[9.8,12.666604,17.307743]},"faces":{"down":{"uv":[8.75,4.75,9.875,6.125],"rotation":0,"texture":"#4","tintindex":0},"east":{"uv":[11.625,1.0,10.25,1.875],"rotation":0,"texture":"#4","tintindex":0},"north":{"uv":[10.25,11.25,9.125,12.125],"rotation":0,"texture":"#4","tintindex":0},"south":{"uv":[12.5,0.0,11.375,0.875],"rotation":0,"texture":"#4","tintindex":0},"up":{"uv":[8.625,9.125,9.75,7.75],"rotation":0,"texture":"#4","tintindex":0},"west":{"uv":[11.25,5.25,9.875,6.125],"rotation":0,"texture":"#4","tintindex":0}}},{"name":"cube","from":[6.5,2.766604,13.407743],"to":[9.5,4.566604,18.807743],"rotation":{"angle":45.0,"axis":"x","origin":[9.8,12.666604,17.307743]},"faces":{"down":{"uv":[5.875,12.375,6.5,13.5],"rotation":0,"texture":"#4","tintindex":0},"east":{"uv":[2.125,13.625,1.0,14.0],"rotation":0,"texture":"#4","tintindex":0},"north":{"uv":[14.75,7.125,14.125,7.5],"rotation":0,"texture":"#4","tintindex":0},"south":{"uv":[7.875,14.125,7.25,14.5],"rotation":0,"texture":"#4","tintindex":0},"up":{"uv":[5.25,13.5,5.875,12.375],"rotation":0,"texture":"#4","tintindex":0},"west":{"uv":[14.625,13.5,13.5,13.875],"rotation":0,"texture":"#4","tintindex":0}}},{"name":"cube","from":[5.8999996,-5.633396,13.407743],"to":[10.1,-1.4333963,18.807743],"rotation":{"angle":45.0,"axis":"x","origin":[9.8,12.666604,17.307743]},"faces":{"down":{"uv":[1.875,11.875,2.75,13.0],"rotation":0,"texture":"#4","tintindex":0},"east":{"uv":[12.75,0.875,11.625,1.75],"rotation":0,"texture":"#4","tintindex":0},"north":{"uv":[10.0,12.125,9.125,13.0],"rotation":0,"texture":"#4","tintindex":0},"south":{"uv":[5.25,12.25,4.375,13.125],"rotation":0,"texture":"#4","tintindex":0},"up":{"uv":[7.125,12.75,8.0,11.625],"rotation":0,"texture":"#4","tintindex":0},"west":{"uv":[1.875,11.5,0.75,12.375],"rotation":0,"texture":"#4","tintindex":0}}},{"name":"cube","from":[6.5,1.566604,12.207743],"to":[10.1,5.7666044,13.407743],"rotation":{"angle":45.0,"axis":"x","origin":[9.8,12.666604,17.307743]},"faces":{"down":{"uv":[14.25,5.625,15.0,5.875],"rotation":0,"texture":"#4","tintindex":0},"east":{"uv":[8.625,14.25,8.375,15.125],"rotation":0,"texture":"#4","tintindex":0},"north":{"uv":[13.5,0.5,12.75,1.375],"rotation":0,"texture":"#4","tintindex":0},"south":{"uv":[7.25,12.75,6.5,13.625],"rotation":0,"texture":"#4","tintindex":0},"up":{"uv":[12.0,12.0,12.75,11.75],"rotation":0,"texture":"#4","tintindex":0},"west":{"uv":[8.375,14.25,8.125,15.125],"rotation":0,"texture":"#4","tintindex":0}}},{"name":"cube","from":[5.8999996,-5.633396,12.207743],"to":[10.1,-2.6333961,13.407743],"rotation":{"angle":45.0,"axis":"x","origin":[9.8,12.666604,17.307743]},"faces":{"down":{"uv":[13.0,11.5,13.875,11.75],"rotation":0,"texture":"#4","tintindex":0},"east":{"uv":[1.875,14.375,1.625,15.0],"rotation":0,"texture":"#4","tintindex":0},"north":{"uv":[13.875,10.875,13.0,11.5],"rotation":0,"texture":"#4","tintindex":0},"south":{"uv":[5.25,13.125,4.375,13.75],"rotation":0,"texture":"#4","tintindex":0},"up":{"uv":[8.5,2.625,9.375,2.375],"rotation":0,"texture":"#4","tintindex":0},"west":{"uv":[1.625,14.375,1.375,15.0],"rotation":0,"texture":"#4","tintindex":0}}}],"display":{"head":{"translation":[0.0,-6.4,0.0],"rotation":[0.0,0.0,0.0],"scale":[3.8095,3.8095,3.8095]}}}