{"textures":{"0":"modelengine:entity/magnussword","1":"modelengine:entity/magnusshield","2":"modelengine:entity/magnus","3":"modelengine:entity/magnusswordfx","4":"modelengine:entity/magnuscracks"},"elements":[{"name":"cube","from":[3.3031237,7.4572115,0.3949046],"to":[7.5031238,12.857211,1.5949047],"rotation":{"angle":-22.5,"axis":"y","origin":[-0.6740258,12.752624,4.8362217]},"faces":{"down":{"uv":[14.875,8.375,14.0,8.625],"rotation":0,"texture":"#4","tintindex":0},"east":{"uv":[1.875,14.0,2.125,15.125],"rotation":0,"texture":"#4","tintindex":0},"north":{"uv":[2.75,11.875,3.625,13.0],"rotation":0,"texture":"#4","tintindex":0},"south":{"uv":[11.875,7.625,12.75,8.75],"rotation":0,"texture":"#4","tintindex":0},"up":{"uv":[14.625,9.625,13.75,9.375],"rotation":0,"texture":"#4","tintindex":0},"west":{"uv":[12.625,14.0,12.875,15.125],"rotation":0,"texture":"#4","tintindex":0}}},{"name":"cube","from":[1.1661191,7.4572115,4.0686655],"to":[5.3661194,12.857211,5.2686663],"rotation":{"angle":22.5,"axis":"y","origin":[0.474025,12.752624,4.8362217]},"faces":{"down":{"uv":[15.125,5.375,14.25,5.625],"rotation":0,"texture":"#4","tintindex":0},"east":{"uv":[12.875,14.0,13.125,15.125],"rotation":0,"texture":"#4","tintindex":0},"north":{"uv":[12.0,4.125,12.875,5.25],"rotation":0,"texture":"#4","tintindex":0},"south":{"uv":[12.0,5.25,12.875,6.375],"rotation":0,"texture":"#4","tintindex":0},"up":{"uv":[15.125,5.375,14.25,5.125],"rotation":0,"texture":"#4","tintindex":0},"west":{"uv":[13.125,14.0,13.375,15.125],"rotation":0,"texture":"#4","tintindex":0}}},{"name":"cube","from":[-1.9000006,5.3,2.8999999],"to":[11.3,10.700001,11.900001],"rotation":{"angle":22.5,"axis":"x","origin":[8.0,8.0,8.0]},"faces":{"down":{"uv":[2.75,1.875,0.0,3.75],"rotation":0,"texture":"#4","tintindex":0},"east":{"uv":[4.5,5.875,6.375,7.0],"rotation":0,"texture":"#4","tintindex":0},"north":{"uv":[2.0,4.625,4.75,5.75],"rotation":0,"texture":"#4","tintindex":0},"south":{"uv":[4.75,3.0,7.5,4.125],"rotation":0,"texture":"#4","tintindex":0},"up":{"uv":[2.75,1.875,0.0,0.0],"rotation":0,"texture":"#4","tintindex":0},"west":{"uv":[6.375,4.125,8.25,5.25],"rotation":0,"texture":"#4","tintindex":0}}},{"name":"cube","from":[8.9,7.1,5.3],"to":[13.7,13.1,9.5],"rotation":{"angle":0.0,"axis":"x","origin":[8.0,8.0,8.0]},"faces":{"down":{"uv":[12.75,12.0,11.75,12.875],"rotation":0,"texture":"#4","tintindex":0},"east":{"uv":[5.375,11.125,6.25,12.375],"rotation":0,"texture":"#4","tintindex":0},"north":{"uv":[8.25,10.0,9.25,11.25],"rotation":0,"texture":"#4","tintindex":0},"south":{"uv":[9.25,10.0,10.25,11.25],"rotation":0,"texture":"#4","tintindex":0},"up":{"uv":[13.0,11.75,12.0,10.875],"rotation":0,"texture":"#4","tintindex":0},"west":{"uv":[6.25,11.125,7.125,12.375],"rotation":0,"texture":"#4","tintindex":0}}},{"name":"cube","from":[-4.8111706,7.1,5.3],"to":[-0.011170149,13.1,9.5],"rotation":{"angle":0.0,"axis":"x","origin":[0.88882995,8.0,8.0]},"faces":{"down":{"uv":[11.75,12.0,12.75,12.875],"rotation":0,"texture":"#4","tintindex":0},"east":{"uv":[7.125,11.125,6.25,12.375],"rotation":0,"texture":"#4","tintindex":0},"north":{"uv":[9.25,10.0,8.25,11.25],"rotation":0,"texture":"#4","tintindex":0},"south":{"uv":[10.25,10.0,9.25,11.25],"rotation":0,"texture":"#4","tintindex":0},"up":{"uv":[12.0,11.75,13.0,10.875],"rotation":0,"texture":"#4","tintindex":0},"west":{"uv":[6.25,11.125,5.375,12.375],"rotation":0,"texture":"#4","tintindex":0}}},{"name":"cube","from":[-0.7000003,3.857211,2.854969],"to":[10.1,7.4572115,10.05497],"rotation":{"angle":0.0,"axis":"x","origin":[6.2,4.1572113,6.154969]},"faces":{"down":{"uv":[5.0,1.5,2.75,3.0],"rotation":0,"texture":"#4","tintindex":0},"east":{"uv":[10.375,9.0,11.875,9.75],"rotation":0,"texture":"#4","tintindex":0},"north":{"uv":[7.875,0.0,10.125,0.75],"rotation":0,"texture":"#4","tintindex":0},"south":{"uv":[7.875,0.75,10.125,1.5],"rotation":0,"texture":"#4","tintindex":0},"up":{"uv":[5.0,1.5,2.75,0.0],"rotation":0,"texture":"#4","tintindex":0},"west":{"uv":[1.0,10.75,2.5,11.5],"rotation":0,"texture":"#4","tintindex":0}}},{"name":"cube","from":[0.49999976,0.08518672,4.3690047],"to":[8.9,4.8851857,10.369005],"rotation":{"angle":22.5,"axis":"x","origin":[4.3999996,6.385186,8.269005]},"faces":{"down":{"uv":[4.5,5.75,2.75,7.0],"rotation":0,"texture":"#4","tintindex":0},"east":{"uv":[10.125,0.0,11.375,1.0],"rotation":0,"texture":"#4","tintindex":0},"north":{"uv":[6.75,1.625,8.5,2.625],"rotation":0,"texture":"#4","tintindex":0},"south":{"uv":[2.75,7.0,4.5,8.0],"rotation":0,"texture":"#4","tintindex":0},"up":{"uv":[6.75,3.0,5.0,1.75],"rotation":0,"texture":"#4","tintindex":0},"west":{"uv":[6.125,10.125,7.375,11.125],"rotation":0,"texture":"#4","tintindex":0}}},{"name":"cube","from":[1.6999998,-0.34278893,2.2549691],"to":[7.7,2.057211,8.254969],"rotation":{"angle":0.0,"axis":"x","origin":[2.8999999,0.8572111,5.254969]},"faces":{"down":{"uv":[5.5,8.5,4.25,9.75],"rotation":0,"texture":"#4","tintindex":0},"east":{"uv":[12.75,8.125,14.0,8.625],"rotation":0,"texture":"#4","tintindex":0},"north":{"uv":[12.75,7.625,14.0,8.125],"rotation":0,"texture":"#4","tintindex":0},"south":{"uv":[12.75,11.75,14.0,12.25],"rotation":0,"texture":"#4","tintindex":0},"up":{"uv":[9.5,4.75,8.25,3.5],"rotation":0,"texture":"#4","tintindex":0},"west":{"uv":[12.75,12.25,14.0,12.75],"rotation":0,"texture":"#4","tintindex":0}}},{"name":"cube","from":[-0.10000038,8.01655,4.8757873],"to":[9.5,12.216551,12.675788],"rotation":{"angle":0.0,"axis":"x","origin":[8.6,11.31655,8.175787]},"faces":{"down":{"uv":[2.0,3.75,0.0,5.375],"rotation":0,"texture":"#4","tintindex":0},"east":{"uv":[9.5,3.25,11.125,4.125],"rotation":0,"texture":"#4","tintindex":0},"north":{"uv":[7.5,2.625,9.5,3.5],"rotation":0,"texture":"#4","tintindex":0},"south":{"uv":[7.5,6.875,9.5,7.75],"rotation":0,"texture":"#4","tintindex":0},"up":{"uv":[4.75,4.625,2.75,3.0],"rotation":0,"texture":"#4","tintindex":0},"west":{"uv":[9.5,6.125,11.125,7.0],"rotation":0,"texture":"#4","tintindex":0}}}],"display":{"head":{"translation":[0.0,-6.4,0.0],"rotation":[0.0,0.0,0.0],"scale":[3.8095,3.8095,3.8095]}}}