{"textures":{"0":"modelengine:entity/magnussword","1":"modelengine:entity/magnusshield","2":"modelengine:entity/magnus","3":"modelengine:entity/magnusswordfx","4":"modelengine:entity/magnuscracks"},"elements":[{"name":"cube","from":[7.3571424,0.4704075,10.653613],"to":[9.071428,3.8989792,14.082184],"rotation":{"angle":0.0,"axis":"x","origin":[5.884467,6.2394104,10.869097]},"faces":{"down":{"uv":[13.75,8.625,13.25,9.625],"rotation":0,"texture":"#2","tintindex":0},"east":{"uv":[11.25,6.625,12.25,7.625],"rotation":0,"texture":"#2","tintindex":0},"north":{"uv":[13.25,1.375,13.75,2.375],"rotation":0,"texture":"#2","tintindex":0},"south":{"uv":[3.625,13.25,4.125,14.25],"rotation":0,"texture":"#2","tintindex":0},"up":{"uv":[8.5,14.25,8.0,13.25],"rotation":0,"texture":"#2","tintindex":0},"west":{"uv":[8.125,11.25,9.125,12.25],"rotation":0,"texture":"#2","tintindex":0}}},{"name":"cube","from":[6.071428,0.4704075,10.653613],"to":[7.3571424,2.1846933,14.082184],"rotation":{"angle":0.0,"axis":"x","origin":[5.884467,6.2394104,10.869097]},"faces":{"down":{"uv":[4.875,13.75,4.5,14.75],"rotation":0,"texture":"#2","tintindex":0},"east":{"uv":[13.25,9.625,14.25,10.125],"rotation":0,"texture":"#2","tintindex":0},"north":{"uv":[8.625,14.25,9.0,14.75],"rotation":0,"texture":"#2","tintindex":0},"south":{"uv":[14.25,8.625,14.625,9.125],"rotation":0,"texture":"#2","tintindex":0},"up":{"uv":[4.5,14.75,4.125,13.75],"rotation":0,"texture":"#2","tintindex":0},"west":{"uv":[0.0,13.5,1.0,14.0],"rotation":0,"texture":"#2","tintindex":0}}},{"name":"cube","from":[6.4506216,1.1428576,10.571426],"to":[7.7363358,2.8571434,18.714283],"rotation":{"angle":0.0,"axis":"x","origin":[0.87919307,0.28571463,13.999998]},"faces":{"down":{"uv":[3.25,8.125,2.875,10.5],"rotation":0,"texture":"#0","tintindex":0},"east":{"uv":[7.25,2.875,9.625,3.375],"rotation":0,"texture":"#0","tintindex":0},"north":{"uv":[2.125,10.375,2.5,10.875],"rotation":0,"texture":"#0","tintindex":0},"south":{"uv":[7.125,10.375,7.5,10.875],"rotation":0,"texture":"#0","tintindex":0},"up":{"uv":[5.375,9.625,5.0,7.25],"rotation":0,"texture":"#0","tintindex":0},"west":{"uv":[7.25,3.375,9.625,3.875],"rotation":0,"texture":"#0","tintindex":0}}},{"name":"cube","from":[6.0220504,0.71428585,18.714283],"to":[8.164907,3.2857146,22.571426],"rotation":{"angle":0.0,"axis":"x","origin":[0.87919307,0.28571463,13.999998]},"faces":{"down":{"uv":[9.875,1.25,9.25,2.375],"rotation":0,"texture":"#0","tintindex":0},"east":{"uv":[7.125,8.5,8.25,9.25],"rotation":0,"texture":"#0","tintindex":0},"north":{"uv":[8.0,9.75,8.625,10.5],"rotation":0,"texture":"#0","tintindex":0},"south":{"uv":[8.625,9.75,9.25,10.5],"rotation":0,"texture":"#0","tintindex":0},"up":{"uv":[9.75,8.0,9.125,6.875],"rotation":0,"texture":"#0","tintindex":0},"west":{"uv":[8.25,8.5,9.375,9.25],"rotation":0,"texture":"#0","tintindex":0}}},{"name":"cube","from":[6.0220504,0.71428585,7.999997],"to":[8.164907,3.2857146,10.571426],"rotation":{"angle":0.0,"axis":"x","origin":[0.87919307,0.28571463,13.999998]},"faces":{"down":{"uv":[10.5,9.0,9.875,9.75],"rotation":0,"texture":"#0","tintindex":0},"east":{"uv":[5.375,9.375,6.125,10.125],"rotation":0,"texture":"#0","tintindex":0},"north":{"uv":[9.25,9.75,9.875,10.5],"rotation":0,"texture":"#0","tintindex":0},"south":{"uv":[9.875,1.125,10.5,1.875],"rotation":0,"texture":"#0","tintindex":0},"up":{"uv":[5.125,10.625,4.5,9.875],"rotation":0,"texture":"#0","tintindex":0},"west":{"uv":[1.75,9.625,2.5,10.375],"rotation":0,"texture":"#0","tintindex":0}}},{"name":"cube","from":[5.8077645,-2.7142854,6.285712],"to":[7.9506216,6.285715,7.999997],"rotation":{"angle":0.0,"axis":"x","origin":[0.87919307,0.28571463,13.999998]},"faces":{"down":{"uv":[10.875,0.0,10.25,0.5],"rotation":0,"texture":"#0","tintindex":0},"east":{"uv":[4.0,7.125,4.5,9.75],"rotation":0,"texture":"#0","tintindex":0},"north":{"uv":[5.375,3.5,6.0,6.125],"rotation":0,"texture":"#0","tintindex":0},"south":{"uv":[6.0,3.5,6.625,6.125],"rotation":0,"texture":"#0","tintindex":0},"up":{"uv":[10.5,2.375,9.875,1.875],"rotation":0,"texture":"#0","tintindex":0},"west":{"uv":[4.5,7.25,5.0,9.875],"rotation":0,"texture":"#0","tintindex":0}}},{"name":"cube","from":[5.3791933,-0.14285684,2.4285693],"to":[8.379193,3.7142859,7.999997],"rotation":{"angle":0.0,"axis":"x","origin":[0.87919307,0.28571463,13.999998]},"faces":{"down":{"uv":[8.125,1.25,7.25,2.875],"rotation":0,"texture":"#0","tintindex":0},"east":{"uv":[5.25,1.25,6.875,2.375],"rotation":0,"texture":"#0","tintindex":0},"north":{"uv":[7.25,3.875,8.125,5.0],"rotation":0,"texture":"#0","tintindex":0},"south":{"uv":[8.125,3.875,9.0,5.0],"rotation":0,"texture":"#0","tintindex":0},"up":{"uv":[8.0,8.5,7.125,6.875],"rotation":0,"texture":"#0","tintindex":0},"west":{"uv":[5.25,2.375,6.875,3.5],"rotation":0,"texture":"#0","tintindex":0}}},{"name":"cube","from":[4.5220504,0.9285717,4.5714264],"to":[9.236336,2.6428576,6.285712],"rotation":{"angle":0.0,"axis":"x","origin":[0.87919307,0.28571463,13.999998]},"faces":{"down":{"uv":[8.5,9.25,7.125,9.75],"rotation":0,"texture":"#0","tintindex":0},"east":{"uv":[10.25,5.875,10.75,6.375],"rotation":0,"texture":"#0","tintindex":0},"north":{"uv":[9.0,4.625,10.375,5.125],"rotation":0,"texture":"#0","tintindex":0},"south":{"uv":[9.125,8.0,10.5,8.5],"rotation":0,"texture":"#0","tintindex":0},"up":{"uv":[10.625,2.875,9.25,2.375],"rotation":0,"texture":"#0","tintindex":0},"west":{"uv":[10.25,6.375,10.75,6.875],"rotation":0,"texture":"#0","tintindex":0}}},{"name":"cube","from":[4.5220504,0.9285717,-14.285717],"to":[9.236336,2.6428576,-12.57143],"rotation":{"angle":0.0,"axis":"x","origin":[0.87919307,0.28571463,13.999998]},"faces":{"down":{"uv":[11.0,2.875,9.625,3.375],"rotation":0,"texture":"#0","tintindex":0},"east":{"uv":[1.625,10.375,2.125,10.875],"rotation":0,"texture":"#0","tintindex":0},"north":{"uv":[8.5,9.25,9.875,9.75],"rotation":0,"texture":"#0","tintindex":0},"south":{"uv":[9.375,8.5,10.75,9.0],"rotation":0,"texture":"#0","tintindex":0},"up":{"uv":[1.75,10.125,0.375,9.625],"rotation":0,"texture":"#0","tintindex":0},"west":{"uv":[10.375,4.625,10.875,5.125],"rotation":0,"texture":"#0","tintindex":0}}},{"name":"cube","from":[5.3791933,0.71428585,-14.714289],"to":[8.379193,2.8571434,2.4285693],"rotation":{"angle":0.0,"axis":"x","origin":[0.87919307,0.28571463,13.999998]},"faces":{"down":{"uv":[0.875,4.25,0.0,9.25],"rotation":0,"texture":"#0","tintindex":0},"east":{"uv":[4.75,0.0,9.75,0.625],"rotation":0,"texture":"#0","tintindex":0},"north":{"uv":[9.75,6.875,10.625,7.5],"rotation":0,"texture":"#0","tintindex":0},"south":{"uv":[7.125,9.75,8.0,10.375],"rotation":0,"texture":"#0","tintindex":0},"up":{"uv":[4.75,5.0,3.875,0.0],"rotation":0,"texture":"#0","tintindex":0},"west":{"uv":[4.75,0.625,9.75,1.25],"rotation":0,"texture":"#0","tintindex":0}}},{"name":"cube","from":[5.9180613,-1.8571427,-7.000002],"to":[7.7394896,5.4285717,6.285712],"rotation":{"angle":0.0,"axis":"x","origin":[0.90377593,0.28571463,13.999998]},"faces":{"down":{"uv":[5.25,1.25,4.75,5.125],"rotation":0,"texture":"#0","tintindex":0},"east":{"uv":[0.0,0.0,3.875,2.125],"rotation":0,"texture":"#0","tintindex":0},"north":{"uv":[0.875,7.5,1.375,9.625],"rotation":0,"texture":"#0","tintindex":0},"south":{"uv":[1.375,7.5,1.875,9.625],"rotation":0,"texture":"#0","tintindex":0},"up":{"uv":[3.625,8.125,3.125,4.25],"rotation":0,"texture":"#0","tintindex":0},"west":{"uv":[0.0,2.125,3.875,4.25],"rotation":0,"texture":"#0","tintindex":0}}},{"name":"cube","from":[5.9180613,-0.99999976,-9.14286],"to":[7.7394896,4.5714283,-7.000002],"rotation":{"angle":0.0,"axis":"x","origin":[0.90377593,0.28571463,13.999998]},"faces":{"down":{"uv":[10.75,0.5,10.25,1.125],"rotation":0,"texture":"#0","tintindex":0},"east":{"uv":[8.0,6.875,8.625,8.5],"rotation":0,"texture":"#0","tintindex":0},"north":{"uv":[8.625,6.875,9.125,8.5],"rotation":0,"texture":"#0","tintindex":0},"south":{"uv":[8.75,1.25,9.25,2.875],"rotation":0,"texture":"#0","tintindex":0},"up":{"uv":[6.375,10.75,5.875,10.125],"rotation":0,"texture":"#0","tintindex":0},"west":{"uv":[8.125,1.25,8.75,2.875],"rotation":0,"texture":"#0","tintindex":0}}},{"name":"cube","from":[6.1843414,4.785715,-7.000002],"to":[7.4700556,6.0714283,6.285712],"rotation":{"angle":45.0,"axis":"z","origin":[6.8271985,5.4285717,-4.2142878]},"faces":{"down":{"uv":[6.75,6.875,6.375,10.75],"rotation":0,"texture":"#0","tintindex":0},"east":{"uv":[6.375,6.125,10.25,6.5],"rotation":0,"texture":"#0","tintindex":0},"north":{"uv":[10.375,9.75,10.75,10.125],"rotation":0,"texture":"#0","tintindex":0},"south":{"uv":[10.375,10.125,10.75,10.5],"rotation":0,"texture":"#0","tintindex":0},"up":{"uv":[7.25,5.125,6.875,1.25],"rotation":0,"texture":"#0","tintindex":0},"west":{"uv":[6.375,6.5,10.25,6.875],"rotation":0,"texture":"#0","tintindex":0}}},{"name":"cube","from":[6.187495,-2.4999998,-7.000002],"to":[7.4732094,-1.2142854,6.285712],"rotation":{"angle":45.0,"axis":"z","origin":[6.8303523,-1.8571427,-11.500002]},"faces":{"down":{"uv":[4.0,7.125,3.625,11.0],"rotation":0,"texture":"#0","tintindex":0},"east":{"uv":[6.625,5.125,10.5,5.5],"rotation":0,"texture":"#0","tintindex":0},"north":{"uv":[10.5,1.125,10.875,1.5],"rotation":0,"texture":"#0","tintindex":0},"south":{"uv":[10.5,1.5,10.875,1.875],"rotation":0,"texture":"#0","tintindex":0},"up":{"uv":[7.125,10.75,6.75,6.875],"rotation":0,"texture":"#0","tintindex":0},"west":{"uv":[6.625,5.5,10.5,5.875],"rotation":0,"texture":"#0","tintindex":0}}},{"name":"cube","from":[5.9180613,-1.8571427,-12.14286],"to":[7.7394896,5.4285717,-9.14286],"rotation":{"angle":0.0,"axis":"x","origin":[0.90377593,0.28571463,-1.4285736]},"faces":{"down":{"uv":[0.875,10.125,0.375,11.0],"rotation":0,"texture":"#0","tintindex":0},"east":{"uv":[3.625,5.0,4.5,7.125],"rotation":0,"texture":"#0","tintindex":0},"north":{"uv":[1.875,7.5,2.375,9.625],"rotation":0,"texture":"#0","tintindex":0},"south":{"uv":[2.375,7.5,2.875,9.625],"rotation":0,"texture":"#0","tintindex":0},"up":{"uv":[10.375,10.625,9.875,9.75],"rotation":0,"texture":"#0","tintindex":0},"west":{"uv":[4.5,5.125,5.375,7.25],"rotation":0,"texture":"#0","tintindex":0}}},{"name":"cube","from":[6.882347,4.5714283,-16.0],"to":[6.882347,32.0,11.42857],"rotation":{"angle":0.0,"axis":"x","origin":[0.90377593,0.28571463,-1.4285736]},"faces":{"down":{"uv":[0.0,0.0,0.0,8.0],"rotation":0,"texture":"#3","tintindex":0},"east":{"uv":[0.0,0.0,16.0,16.0],"rotation":0,"texture":"#3","tintindex":0},"north":{"uv":[0.0,0.0,0.0,8.0],"rotation":0,"texture":"#3","tintindex":0},"south":{"uv":[0.0,0.0,0.0,8.0],"rotation":0,"texture":"#3","tintindex":0},"up":{"uv":[0.0,8.0,0.0,0.0],"rotation":0,"texture":"#3","tintindex":0},"west":{"uv":[16.0,0.0,0.0,16.0],"rotation":0,"texture":"#3","tintindex":0}}},{"name":"cube","from":[6.1843414,4.785715,-12.14286],"to":[7.4700556,6.0714283,-9.14286],"rotation":{"angle":45.0,"axis":"z","origin":[6.8271985,5.4285717,-19.642859]},"faces":{"down":{"uv":[5.875,10.125,5.5,11.0],"rotation":0,"texture":"#0","tintindex":0},"east":{"uv":[9.625,3.375,10.5,3.75],"rotation":0,"texture":"#0","tintindex":0},"north":{"uv":[10.5,1.875,10.875,2.25],"rotation":0,"texture":"#0","tintindex":0},"south":{"uv":[2.875,10.5,3.25,10.875],"rotation":0,"texture":"#0","tintindex":0},"up":{"uv":[5.5,11.0,5.125,10.125],"rotation":0,"texture":"#0","tintindex":0},"west":{"uv":[9.75,7.5,10.625,7.875],"rotation":0,"texture":"#0","tintindex":0}}},{"name":"cube","from":[6.1843414,5.4285717,-12.785717],"to":[7.4700556,9.285715,-11.500002],"rotation":{"angle":-45.0,"axis":"y","origin":[6.8271985,15.928572,-12.14286]},"faces":{"down":{"uv":[10.875,5.125,10.5,5.5],"rotation":0,"texture":"#0","tintindex":0},"east":{"uv":[0.875,10.125,1.25,11.25],"rotation":0,"texture":"#0","tintindex":0},"north":{"uv":[2.5,9.625,2.875,10.75],"rotation":0,"texture":"#0","tintindex":0},"south":{"uv":[1.25,10.125,1.625,11.25],"rotation":0,"texture":"#0","tintindex":0},"up":{"uv":[10.875,3.75,10.5,3.375],"rotation":0,"texture":"#0","tintindex":0},"west":{"uv":[3.25,10.125,3.625,11.25],"rotation":0,"texture":"#0","tintindex":0}}},{"name":"cube","from":[5.9180613,-1.8571427,-16.0],"to":[7.7394896,9.285715,-12.14286],"rotation":{"angle":0.0,"axis":"x","origin":[0.90377593,-2.2857141,-17.285715]},"faces":{"down":{"uv":[4.5,9.75,4.0,10.875],"rotation":0,"texture":"#0","tintindex":0},"east":{"uv":[0.875,4.25,2.0,7.5],"rotation":0,"texture":"#0","tintindex":0},"north":{"uv":[5.375,6.125,5.875,9.375],"rotation":0,"texture":"#0","tintindex":0},"south":{"uv":[5.875,6.125,6.375,9.375],"rotation":0,"texture":"#0","tintindex":0},"up":{"uv":[10.25,1.125,9.75,0.0],"rotation":0,"texture":"#0","tintindex":0},"west":{"uv":[2.0,4.25,3.125,7.5],"rotation":0,"texture":"#0","tintindex":0}}},{"name":"cube","from":[6.187495,-2.4999998,-16.0],"to":[7.4732094,-1.2142854,-9.14286],"rotation":{"angle":45.0,"axis":"z","origin":[6.8303523,-1.8571427,-26.928574]},"faces":{"down":{"uv":[0.375,9.25,0.0,11.25],"rotation":0,"texture":"#0","tintindex":0},"east":{"uv":[9.0,3.875,11.0,4.25],"rotation":0,"texture":"#0","tintindex":0},"north":{"uv":[0.375,9.25,0.75,9.625],"rotation":0,"texture":"#0","tintindex":0},"south":{"uv":[7.5,10.375,7.875,10.75],"rotation":0,"texture":"#0","tintindex":0},"up":{"uv":[3.625,10.125,3.25,8.125],"rotation":0,"texture":"#0","tintindex":0},"west":{"uv":[9.0,4.25,11.0,4.625],"rotation":0,"texture":"#0","tintindex":0}}},{"name":"cube","from":[5.6428566,2.1846933,10.225041],"to":[7.3571424,3.8989792,12.367899],"rotation":{"angle":0.0,"axis":"x","origin":[5.884467,6.2394104,10.869097]},"faces":{"down":{"uv":[14.0,13.875,13.5,14.5],"rotation":0,"texture":"#2","tintindex":0},"east":{"uv":[2.875,13.875,3.5,14.375],"rotation":0,"texture":"#2","tintindex":0},"north":{"uv":[8.25,4.75,8.75,5.25],"rotation":0,"texture":"#2","tintindex":0},"south":{"uv":[14.0,12.125,14.5,12.625],"rotation":0,"texture":"#2","tintindex":0},"up":{"uv":[2.75,8.0,2.25,7.375],"rotation":0,"texture":"#2","tintindex":0},"west":{"uv":[9.375,13.875,10.0,14.375],"rotation":0,"texture":"#2","tintindex":0}}}],"display":{"head":{"translation":[0.0,8.910479,-16.306824],"rotation":[0.0,0.0,0.0],"scale":[3.7333333,3.7333333,3.7333333]}}}