{"textures":{"0":"modelengine:entity/magnussword","1":"modelengine:entity/magnusshield","2":"modelengine:entity/magnus","3":"modelengine:entity/magnusswordfx","4":"modelengine:entity/magnuscracks"},"elements":[{"name":"cube","from":[7.1,0.98306274,6.3241787],"to":[12.5,8.783063,12.92418],"rotation":{"angle":45.0,"axis":"x","origin":[8.6,9.083063,10.224179]},"faces":{"down":{"uv":[1.125,8.625,0.0,10.0],"rotation":0,"texture":"#4","tintindex":0},"east":{"uv":[0.0,5.375,1.375,7.0],"rotation":0,"texture":"#4","tintindex":0},"north":{"uv":[6.375,6.875,7.5,8.5],"rotation":0,"texture":"#4","tintindex":0},"south":{"uv":[0.0,7.0,1.125,8.625],"rotation":0,"texture":"#4","tintindex":0},"up":{"uv":[6.625,9.875,5.5,8.5],"rotation":0,"texture":"#4","tintindex":0},"west":{"uv":[1.375,5.75,2.75,7.375],"rotation":0,"texture":"#4","tintindex":0}}},{"name":"cube","from":[8.3,-0.81693745,6.924179],"to":[11.900001,0.98306274,12.32418],"rotation":{"angle":45.0,"axis":"x","origin":[8.6,9.083063,10.224179]},"faces":{"down":{"uv":[4.375,12.125,3.625,13.25],"rotation":0,"texture":"#4","tintindex":0},"east":{"uv":[13.5,12.75,14.625,13.125],"rotation":0,"texture":"#4","tintindex":0},"north":{"uv":[14.0,11.75,14.75,12.125],"rotation":0,"texture":"#4","tintindex":0},"south":{"uv":[11.875,14.0,12.625,14.375],"rotation":0,"texture":"#4","tintindex":0},"up":{"uv":[12.875,3.625,12.125,2.5],"rotation":0,"texture":"#4","tintindex":0},"west":{"uv":[13.5,13.125,14.625,13.5],"rotation":0,"texture":"#4","tintindex":0}}}],"display":{"head":{"translation":[0.0,-6.4,0.0],"rotation":[0.0,0.0,0.0],"scale":[3.8095,3.8095,3.8095]}}}