{"textures":{"0":"modelengine:entity/meteor"},"elements":[{"name":"cube","from":[3.4399998,6.14,4.0399995],"to":[11.84,10.34,10.639999],"rotation":{"angle":0.0,"axis":"x","origin":[7.64,6.14,7.64]},"faces":{"down":{"uv":[3.5,2.75,0.0,5.5],"rotation":0,"texture":"#0","tintindex":0},"east":{"uv":[7.5,7.5,10.25,9.25],"rotation":0,"texture":"#0","tintindex":0},"north":{"uv":[3.5,4.5,7.0,6.25],"rotation":0,"texture":"#0","tintindex":0},"south":{"uv":[0.0,5.5,3.5,7.25],"rotation":0,"texture":"#0","tintindex":0},"up":{"uv":[3.5,2.75,0.0,0.0],"rotation":0,"texture":"#0","tintindex":0},"west":{"uv":[8.25,0.0,11.0,1.75],"rotation":0,"texture":"#0","tintindex":0}}},{"name":"cube","from":[1.4474521,6.108066,3.4399996],"to":[6.2474527,10.308066,10.04],"rotation":{"angle":-45.0,"axis":"z","origin":[6.8474526,6.108066,3.4399996]},"faces":{"down":{"uv":[9.0,3.0,7.0,5.75],"rotation":0,"texture":"#0","tintindex":0},"east":{"uv":[0.0,9.0,2.75,10.75],"rotation":0,"texture":"#0","tintindex":0},"north":{"uv":[11.0,0.0,13.0,1.75],"rotation":0,"texture":"#0","tintindex":0},"south":{"uv":[2.25,11.0,4.25,12.75],"rotation":0,"texture":"#0","tintindex":0},"up":{"uv":[7.5,9.0,5.5,6.25],"rotation":0,"texture":"#0","tintindex":0},"west":{"uv":[9.0,1.75,11.75,3.5],"rotation":0,"texture":"#0","tintindex":0}}},{"name":"cube","from":[10.232548,6.171934,3.4399996],"to":[14.432548,10.371935,10.04],"rotation":{"angle":-45.0,"axis":"z","origin":[9.632547,10.371935,3.4399996]},"faces":{"down":{"uv":[9.0,9.25,7.25,12.0],"rotation":0,"texture":"#0","tintindex":0},"east":{"uv":[9.0,3.5,11.75,5.25],"rotation":0,"texture":"#0","tintindex":0},"north":{"uv":[11.75,1.75,13.5,3.5],"rotation":0,"texture":"#0","tintindex":0},"south":{"uv":[11.75,3.5,13.5,5.25],"rotation":0,"texture":"#0","tintindex":0},"up":{"uv":[7.25,11.75,5.5,9.0],"rotation":0,"texture":"#0","tintindex":0},"west":{"uv":[2.75,9.25,5.5,11.0],"rotation":0,"texture":"#0","tintindex":0}}},{"name":"cube","from":[6.44,7.34,6.4399996],"to":[11.24,11.54,13.64],"rotation":{"angle":-22.5,"axis":"x","origin":[7.04,7.34,10.639999]},"faces":{"down":{"uv":[5.5,6.25,3.5,9.25],"rotation":0,"texture":"#0","tintindex":0},"east":{"uv":[0.0,7.25,3.0,9.0],"rotation":0,"texture":"#0","tintindex":0},"north":{"uv":[9.0,11.0,11.0,12.75],"rotation":0,"texture":"#0","tintindex":0},"south":{"uv":[11.0,11.0,13.0,12.75],"rotation":0,"texture":"#0","tintindex":0},"up":{"uv":[8.25,3.0,6.25,0.0],"rotation":0,"texture":"#0","tintindex":0},"west":{"uv":[7.5,5.75,10.5,7.5],"rotation":0,"texture":"#0","tintindex":0}}},{"name":"cube","from":[4.04,3.7399998,6.4399996],"to":[10.639999,7.94,11.84],"rotation":{"angle":0.0,"axis":"x","origin":[7.64,3.7399998,7.64]},"faces":{"down":{"uv":[6.25,2.25,3.5,4.5],"rotation":0,"texture":"#0","tintindex":0},"east":{"uv":[10.5,5.25,12.75,7.0],"rotation":0,"texture":"#0","tintindex":0},"north":{"uv":[9.0,9.25,11.75,11.0],"rotation":0,"texture":"#0","tintindex":0},"south":{"uv":[10.25,7.5,13.0,9.25],"rotation":0,"texture":"#0","tintindex":0},"up":{"uv":[6.25,2.25,3.5,0.0],"rotation":0,"texture":"#0","tintindex":0},"west":{"uv":[0.0,10.75,2.25,12.5],"rotation":0,"texture":"#0","tintindex":0}}}],"display":{"head":{"translation":[0.0,-6.4,0.0],"rotation":[0.0,0.0,0.0],"scale":[3.8095,3.8095,3.8095]}}}