{"textures":{"0":"modelengine:entity/imp"},"elements":[{"name":"cube","from":[6.8,11.6,8.0],"to":[9.2,14.0,9.2],"rotation":{"angle":-22.5,"axis":"x","origin":[8.0,12.8,6.2]},"faces":{"down":{"uv":[7.5,7.75,6.5,8.25],"rotation":0,"texture":"#0","tintindex":0},"east":{"uv":[7.75,4.5,8.25,5.5],"rotation":0,"texture":"#0","tintindex":0},"north":{"uv":[1.0,5.5,2.0,6.5],"rotation":0,"texture":"#0","tintindex":0},"south":{"uv":[3.25,5.5,4.25,6.5],"rotation":0,"texture":"#0","tintindex":0},"up":{"uv":[8.75,2.75,7.75,2.25],"rotation":0,"texture":"#0","tintindex":0},"west":{"uv":[5.0,7.75,5.5,8.75],"rotation":0,"texture":"#0","tintindex":0}}},{"name":"cube","from":[6.8,11.639396,8.230859],"to":[9.2,12.8393955,9.430859],"rotation":{"angle":0.0,"axis":"x","origin":[8.0,11.639396,6.4308586]},"faces":{"down":{"uv":[9.0,3.25,8.0,3.75],"rotation":0,"texture":"#0","tintindex":0},"east":{"uv":[6.5,8.25,7.0,8.75],"rotation":0,"texture":"#0","tintindex":0},"north":{"uv":[7.5,7.75,8.5,8.25],"rotation":0,"texture":"#0","tintindex":0},"south":{"uv":[8.0,2.75,9.0,3.25],"rotation":0,"texture":"#0","tintindex":0},"up":{"uv":[4.25,8.5,3.25,8.0],"rotation":0,"texture":"#0","tintindex":0},"west":{"uv":[8.25,6.75,8.75,7.25],"rotation":0,"texture":"#0","tintindex":0}}},{"name":"cube","from":[6.2,14.6,7.4],"to":[9.8,16.400002,8.6],"rotation":{"angle":0.0,"axis":"x","origin":[8.0,14.0,5.6]},"faces":{"down":{"uv":[7.75,5.0,6.25,5.5],"rotation":0,"texture":"#0","tintindex":0},"east":{"uv":[1.0,4.75,1.5,5.5],"rotation":0,"texture":"#0","tintindex":0},"north":{"uv":[5.0,0.0,6.5,0.75],"rotation":0,"texture":"#0","tintindex":0},"south":{"uv":[5.0,0.75,6.5,1.5],"rotation":0,"texture":"#0","tintindex":0},"up":{"uv":[7.75,5.0,6.25,4.5],"rotation":0,"texture":"#0","tintindex":0},"west":{"uv":[1.0,8.25,1.5,9.0],"rotation":0,"texture":"#0","tintindex":0}}},{"name":"cube","from":[6.2,12.8,5.6],"to":[9.8,14.6,8.6],"rotation":{"angle":-22.5,"axis":"x","origin":[8.0,14.6,8.6]},"faces":{"down":{"uv":[5.25,2.0,3.75,3.25],"rotation":0,"texture":"#0","tintindex":0},"east":{"uv":[5.75,3.0,7.0,3.75],"rotation":0,"texture":"#0","tintindex":0},"north":{"uv":[5.25,1.5,6.75,2.25],"rotation":0,"texture":"#0","tintindex":0},"south":{"uv":[5.25,2.25,6.75,3.0],"rotation":0,"texture":"#0","tintindex":0},"up":{"uv":[1.5,4.75,0.0,3.5],"rotation":0,"texture":"#0","tintindex":0},"west":{"uv":[5.75,3.75,7.0,4.5],"rotation":0,"texture":"#0","tintindex":0}}},{"name":"cube","from":[6.05,14.0,5.45],"to":[7.85,15.8,7.25],"rotation":{"angle":0.0,"axis":"x","origin":[7.25,14.0,5.45]},"faces":{"down":{"uv":[5.0,7.5,4.25,8.25],"rotation":0,"texture":"#0","tintindex":0},"east":{"uv":[7.5,0.0,8.25,0.75],"rotation":0,"texture":"#0","tintindex":0},"north":{"uv":[7.25,6.25,8.0,7.0],"rotation":0,"texture":"#0","tintindex":0},"south":{"uv":[7.5,0.75,8.25,1.5],"rotation":0,"texture":"#0","tintindex":0},"up":{"uv":[3.25,8.25,2.5,7.5],"rotation":0,"texture":"#0","tintindex":0},"west":{"uv":[1.25,7.5,2.0,8.25],"rotation":0,"texture":"#0","tintindex":0}}},{"name":"cube","from":[6.2,13.400001,5.6],"to":[9.8,16.400002,7.4],"rotation":{"angle":0.0,"axis":"x","origin":[8.0,14.0,5.6]},"faces":{"down":{"uv":[6.25,4.75,4.75,5.5],"rotation":0,"texture":"#0","tintindex":0},"east":{"uv":[5.25,5.5,6.0,6.75],"rotation":0,"texture":"#0","tintindex":0},"north":{"uv":[2.25,2.0,3.75,3.25],"rotation":0,"texture":"#0","tintindex":0},"south":{"uv":[2.25,3.25,3.75,4.5],"rotation":0,"texture":"#0","tintindex":0},"up":{"uv":[4.75,5.5,3.25,4.75],"rotation":0,"texture":"#0","tintindex":0},"west":{"uv":[2.0,5.75,2.75,7.0],"rotation":0,"texture":"#0","tintindex":0}}},{"name":"cube","from":[6.2,16.58292,5.2810054],"to":[7.4,17.782917,5.2810054],"rotation":{"angle":22.5,"axis":"x","origin":[8.0,14.1829195,5.2810054]},"faces":{"down":{"uv":[0.5,0.0,0.0,0.0],"rotation":0,"texture":"#0","tintindex":0},"east":{"uv":[0.0,0.0,0.0,0.5],"rotation":0,"texture":"#0","tintindex":0},"north":{"uv":[7.0,8.25,7.5,8.75],"rotation":0,"texture":"#0","tintindex":0},"south":{"uv":[8.25,7.25,8.75,7.75],"rotation":0,"texture":"#0","tintindex":0},"up":{"uv":[0.5,0.0,0.0,0.0],"rotation":0,"texture":"#0","tintindex":0},"west":{"uv":[0.0,0.0,0.0,0.5],"rotation":0,"texture":"#0","tintindex":0}}},{"name":"cube","from":[8.6,16.58292,5.2810054],"to":[9.8,17.782917,5.2810054],"rotation":{"angle":22.5,"axis":"x","origin":[8.0,14.1829195,5.2810054]},"faces":{"down":{"uv":[0.0,0.0,0.5,0.0],"rotation":0,"texture":"#0","tintindex":0},"east":{"uv":[0.0,0.0,0.0,0.5],"rotation":0,"texture":"#0","tintindex":0},"north":{"uv":[7.5,8.25,7.0,8.75],"rotation":0,"texture":"#0","tintindex":0},"south":{"uv":[8.75,7.25,8.25,7.75],"rotation":0,"texture":"#0","tintindex":0},"up":{"uv":[0.0,0.0,0.5,0.0],"rotation":0,"texture":"#0","tintindex":0},"west":{"uv":[0.0,0.0,0.0,0.5],"rotation":0,"texture":"#0","tintindex":0}}},{"name":"cube","from":[6.2,17.508656,6.65922],"to":[7.4,17.508656,7.85922],"rotation":{"angle":0.0,"axis":"x","origin":[6.8,16.308655,6.65922]},"faces":{"down":{"uv":[8.5,8.25,8.0,8.75],"rotation":0,"texture":"#0","tintindex":0},"east":{"uv":[0.0,0.0,0.5,0.0],"rotation":0,"texture":"#0","tintindex":0},"north":{"uv":[0.0,0.0,0.5,0.0],"rotation":0,"texture":"#0","tintindex":0},"south":{"uv":[0.0,0.0,0.5,0.0],"rotation":0,"texture":"#0","tintindex":0},"up":{"uv":[8.0,8.75,7.5,8.25],"rotation":0,"texture":"#0","tintindex":0},"west":{"uv":[0.0,0.0,0.5,0.0],"rotation":0,"texture":"#0","tintindex":0}}},{"name":"cube","from":[8.6,17.508656,6.65922],"to":[9.8,17.508656,7.85922],"rotation":{"angle":0.0,"axis":"x","origin":[9.2,16.308655,6.65922]},"faces":{"down":{"uv":[8.0,8.25,8.5,8.75],"rotation":0,"texture":"#0","tintindex":0},"east":{"uv":[0.5,0.0,0.0,0.0],"rotation":0,"texture":"#0","tintindex":0},"north":{"uv":[0.5,0.0,0.0,0.0],"rotation":0,"texture":"#0","tintindex":0},"south":{"uv":[0.5,0.0,0.0,0.0],"rotation":0,"texture":"#0","tintindex":0},"up":{"uv":[7.5,8.75,8.0,8.25],"rotation":0,"texture":"#0","tintindex":0},"west":{"uv":[0.5,0.0,0.0,0.0],"rotation":0,"texture":"#0","tintindex":0}}},{"name":"cube","from":[8.15,14.0,5.45],"to":[9.950001,15.8,7.25],"rotation":{"angle":0.0,"axis":"x","origin":[8.75,14.0,5.45]},"faces":{"down":{"uv":[4.25,7.5,5.0,8.25],"rotation":0,"texture":"#0","tintindex":0},"east":{"uv":[2.0,7.5,1.25,8.25],"rotation":0,"texture":"#0","tintindex":0},"north":{"uv":[8.0,6.25,7.25,7.0],"rotation":0,"texture":"#0","tintindex":0},"south":{"uv":[8.25,0.75,7.5,1.5],"rotation":0,"texture":"#0","tintindex":0},"up":{"uv":[2.5,8.25,3.25,7.5],"rotation":0,"texture":"#0","tintindex":0},"west":{"uv":[8.25,0.0,7.5,0.75],"rotation":0,"texture":"#0","tintindex":0}}},{"name":"cube","from":[5.6,10.287085,7.3840656],"to":[10.4,12.087085,9.784065],"rotation":{"angle":22.5,"axis":"x","origin":[8.0,11.187084,8.584066]},"faces":{"down":{"uv":[4.25,1.0,2.25,2.0],"rotation":0,"texture":"#0","tintindex":0},"east":{"uv":[6.5,0.0,7.5,0.75],"rotation":0,"texture":"#0","tintindex":0},"north":{"uv":[3.75,3.25,5.75,4.0],"rotation":0,"texture":"#0","tintindex":0},"south":{"uv":[3.75,4.0,5.75,4.75],"rotation":0,"texture":"#0","tintindex":0},"up":{"uv":[4.25,1.0,2.25,0.0],"rotation":0,"texture":"#0","tintindex":0},"west":{"uv":[6.5,0.75,7.5,1.5],"rotation":0,"texture":"#0","tintindex":0}}},{"name":"cube","from":[6.8,7.287085,7.9840655],"to":[9.2,10.287085,9.784065],"rotation":{"angle":22.5,"axis":"x","origin":[8.0,11.187084,8.584066]},"faces":{"down":{"uv":[7.75,1.5,6.75,2.25],"rotation":0,"texture":"#0","tintindex":0},"east":{"uv":[0.0,6.0,0.75,7.25],"rotation":0,"texture":"#0","tintindex":0},"north":{"uv":[2.25,4.5,3.25,5.75],"rotation":0,"texture":"#0","tintindex":0},"south":{"uv":[0.0,4.75,1.0,6.0],"rotation":0,"texture":"#0","tintindex":0},"up":{"uv":[4.25,7.25,3.25,6.5],"rotation":0,"texture":"#0","tintindex":0},"west":{"uv":[6.0,5.5,6.75,6.75],"rotation":0,"texture":"#0","tintindex":0}}},{"name":"cube","from":[6.8,6.6135645,6.5372725],"to":[9.2,7.8135653,8.337273],"rotation":{"angle":0.0,"axis":"x","origin":[8.0,8.713566,12.537272]},"faces":{"down":{"uv":[8.25,5.5,7.25,6.25],"rotation":0,"texture":"#0","tintindex":0},"east":{"uv":[8.25,1.0,9.0,1.5],"rotation":0,"texture":"#0","tintindex":0},"north":{"uv":[8.0,3.75,9.0,4.25],"rotation":0,"texture":"#0","tintindex":0},"south":{"uv":[8.0,6.25,9.0,6.75],"rotation":0,"texture":"#0","tintindex":0},"up":{"uv":[4.25,8.0,3.25,7.25],"rotation":0,"texture":"#0","tintindex":0},"west":{"uv":[8.25,5.75,9.0,6.25],"rotation":0,"texture":"#0","tintindex":0}}}],"display":{"head":{"translation":[0.0,-6.4,0.0],"rotation":[0.0,0.0,0.0],"scale":[3.8095,3.8095,3.8095]}}}