{"textures":{"0":"modelengine:entity/scythe"},"elements":[{"name":"cube","from":[6.778571,-7.8652077,-7.482444],"to":[8.0,-0.5794921,-4.053872],"rotation":{"angle":0.0,"axis":"x","origin":[7.785714,4.5633645,1.3032703]},"faces":{"down":{"uv":[6.75,1.0,6.375,2.0],"rotation":0,"texture":"#0","tintindex":0},"east":{"uv":[0.75,3.0,1.75,5.125],"rotation":0,"texture":"#0","tintindex":0},"north":{"uv":[3.875,5.5,4.25,7.625],"rotation":0,"texture":"#0","tintindex":0},"south":{"uv":[4.25,5.5,4.625,7.625],"rotation":0,"texture":"#0","tintindex":0},"up":{"uv":[2.125,7.25,1.75,6.25],"rotation":0,"texture":"#0","tintindex":0},"west":{"uv":[1.75,3.0,2.75,5.125],"rotation":0,"texture":"#0","tintindex":0}}},{"name":"cube","from":[6.735714,4.1347933,-2.1253014],"to":[8.021428,5.849079,6.0175567],"rotation":{"angle":0.0,"axis":"x","origin":[7.592857,5.849079,3.4461284]},"faces":{"down":{"uv":[3.125,5.5,2.75,7.875],"rotation":0,"texture":"#0","tintindex":0},"east":{"uv":[2.5,1.5,4.875,2.0],"rotation":0,"texture":"#0","tintindex":0},"north":{"uv":[6.0,1.0,6.375,1.5],"rotation":0,"texture":"#0","tintindex":0},"south":{"uv":[6.25,6.375,6.625,6.875],"rotation":0,"texture":"#0","tintindex":0},"up":{"uv":[2.75,7.5,2.375,5.125],"rotation":0,"texture":"#0","tintindex":0},"west":{"uv":[2.5,2.0,4.875,2.5],"rotation":0,"texture":"#0","tintindex":0}}},{"name":"cube","from":[7.1214285,-0.5794921,2.8032713],"to":[7.978571,4.1347933,3.6604142],"rotation":{"angle":45.0,"axis":"y","origin":[7.5499997,8.420507,3.4461284]},"faces":{"down":{"uv":[6.875,3.5,6.625,3.75],"rotation":0,"texture":"#0","tintindex":0},"east":{"uv":[6.375,2.0,6.625,3.375],"rotation":0,"texture":"#0","tintindex":0},"north":{"uv":[2.125,6.25,2.375,7.625],"rotation":0,"texture":"#0","tintindex":0},"south":{"uv":[6.375,3.375,6.625,4.75],"rotation":0,"texture":"#0","tintindex":0},"up":{"uv":[6.875,3.5,6.625,3.25],"rotation":0,"texture":"#0","tintindex":0},"west":{"uv":[5.5,6.375,5.75,7.75],"rotation":0,"texture":"#0","tintindex":0}}},{"name":"cube","from":[6.735714,3.6427717,6.115426],"to":[8.021428,5.3570576,25.829712],"rotation":{"angle":-22.5,"axis":"x","origin":[7.592857,3.6427717,4.829712]},"faces":{"down":{"uv":[0.75,3.0,0.375,8.75],"rotation":0,"texture":"#0","tintindex":0},"east":{"uv":[0.0,2.5,5.75,3.0],"rotation":0,"texture":"#0","tintindex":0},"north":{"uv":[6.5,5.75,6.875,6.25],"rotation":0,"texture":"#0","tintindex":0},"south":{"uv":[6.625,2.0,7.0,2.5],"rotation":0,"texture":"#0","tintindex":0},"up":{"uv":[0.375,8.75,0.0,3.0],"rotation":0,"texture":"#0","tintindex":0},"west":{"uv":[2.5,0.0,8.25,0.5],"rotation":0,"texture":"#0","tintindex":0}}},{"name":"cube","from":[0.6013756,-7.8652077,-1.8464041],"to":[1.4585187,3.7062218,-0.9892616],"rotation":{"angle":-45.0,"axis":"y","origin":[7.3939085,5.849079,4.946128]},"faces":{"down":{"uv":[5.75,1.875,5.5,2.125],"rotation":0,"texture":"#0","tintindex":0},"east":{"uv":[3.125,5.5,3.375,8.875],"rotation":0,"texture":"#0","tintindex":0},"north":{"uv":[5.5,3.0,5.75,6.375],"rotation":0,"texture":"#0","tintindex":0},"south":{"uv":[3.375,5.5,3.625,8.875],"rotation":0,"texture":"#0","tintindex":0},"up":{"uv":[5.75,1.875,5.5,1.625],"rotation":0,"texture":"#0","tintindex":0},"west":{"uv":[3.625,5.5,3.875,8.875],"rotation":0,"texture":"#0","tintindex":0}}},{"name":"cube","from":[6.778571,-9.5794935,-7.482444],"to":[8.0,-7.8652077,1.5175562],"rotation":{"angle":0.0,"axis":"x","origin":[7.389285,7.1347933,4.3032713]},"faces":{"down":{"uv":[1.5,5.125,1.125,7.75],"rotation":0,"texture":"#0","tintindex":0},"east":{"uv":[2.5,0.5,5.125,1.0],"rotation":0,"texture":"#0","tintindex":0},"north":{"uv":[6.5,4.75,6.875,5.25],"rotation":0,"texture":"#0","tintindex":0},"south":{"uv":[6.5,5.25,6.875,5.75],"rotation":0,"texture":"#0","tintindex":0},"up":{"uv":[1.125,7.75,0.75,5.125],"rotation":0,"texture":"#0","tintindex":0},"west":{"uv":[2.5,1.0,5.125,1.5],"rotation":0,"texture":"#0","tintindex":0}}},{"name":"cube","from":[-4.2473574,-3.6493282,-4.053872],"to":[-3.390214,-2.7921853,1.5175562],"rotation":{"angle":45.0,"axis":"z","origin":[7.3939085,7.991936,5.3746996]},"faces":{"down":{"uv":[1.75,6.25,1.5,7.875],"rotation":0,"texture":"#0","tintindex":0},"east":{"uv":[6.0,0.5,7.625,0.75],"rotation":0,"texture":"#0","tintindex":0},"north":{"uv":[5.5,2.125,5.75,2.375],"rotation":0,"texture":"#0","tintindex":0},"south":{"uv":[6.625,3.0,6.875,3.25],"rotation":0,"texture":"#0","tintindex":0},"up":{"uv":[5.5,7.125,5.25,5.5],"rotation":0,"texture":"#0","tintindex":0},"west":{"uv":[6.0,0.75,7.625,1.0],"rotation":0,"texture":"#0","tintindex":0}}},{"name":"cube","from":[6.3499994,-0.5794921,-7.482444],"to":[8.428572,7.991936,-4.9110155],"rotation":{"angle":0.0,"axis":"x","origin":[7.785714,5.4205074,3.4461284]},"faces":{"down":{"uv":[6.375,4.375,5.75,5.125],"rotation":0,"texture":"#0","tintindex":0},"east":{"uv":[2.75,3.0,3.5,5.5],"rotation":0,"texture":"#0","tintindex":0},"north":{"uv":[4.25,3.0,4.875,5.5],"rotation":0,"texture":"#0","tintindex":0},"south":{"uv":[4.875,3.0,5.5,5.5],"rotation":0,"texture":"#0","tintindex":0},"up":{"uv":[6.375,4.375,5.75,3.625],"rotation":0,"texture":"#0","tintindex":0},"west":{"uv":[3.5,3.0,4.25,5.5],"rotation":0,"texture":"#0","tintindex":0}}},{"name":"cube","from":[7.4214287,3.6789742,-16.0],"to":[7.4214287,7.964689,-7.4285736],"rotation":{"angle":0.0,"axis":"x","origin":[7.4214287,5.8218317,-11.714287]},"faces":{"down":{"uv":[0.0,0.0,0.0,2.5],"rotation":0,"texture":"#0","tintindex":0},"east":{"uv":[2.5,0.0,0.0,1.25],"rotation":0,"texture":"#0","tintindex":0},"north":{"uv":[0.0,0.0,0.0,1.25],"rotation":0,"texture":"#0","tintindex":0},"south":{"uv":[0.0,0.0,0.0,1.25],"rotation":0,"texture":"#0","tintindex":0},"up":{"uv":[0.0,2.5,0.0,0.0],"rotation":0,"texture":"#0","tintindex":0},"west":{"uv":[0.0,0.0,2.5,1.25],"rotation":0,"texture":"#0","tintindex":0}}},{"name":"cube","from":[7.4214287,7.161069,-8.214369],"to":[7.4214287,15.732497,-3.9286547],"rotation":{"angle":0.0,"axis":"x","origin":[7.4214287,11.446783,-6.0715113]},"faces":{"down":{"uv":[0.0,0.0,0.0,1.25],"rotation":0,"texture":"#0","tintindex":0},"east":{"uv":[2.5,0.0,0.0,1.25],"rotation":270,"texture":"#0","tintindex":0},"north":{"uv":[0.0,0.0,0.0,2.5],"rotation":180,"texture":"#0","tintindex":0},"south":{"uv":[0.0,2.5,0.0,0.0],"rotation":0,"texture":"#0","tintindex":0},"up":{"uv":[0.0,0.0,0.0,1.25],"rotation":180,"texture":"#0","tintindex":0},"west":{"uv":[0.0,0.0,2.5,1.25],"rotation":90,"texture":"#0","tintindex":0}}},{"name":"cube","from":[7.4214287,7.6377525,-14.332954],"to":[7.4214287,11.923467,-5.761525],"rotation":{"angle":45.0,"axis":"x","origin":[7.4214287,9.780609,-10.047239]},"faces":{"down":{"uv":[0.0,0.0,0.0,2.5],"rotation":0,"texture":"#0","tintindex":0},"east":{"uv":[2.5,0.0,0.0,1.25],"rotation":0,"texture":"#0","tintindex":0},"north":{"uv":[0.0,0.0,0.0,1.25],"rotation":0,"texture":"#0","tintindex":0},"south":{"uv":[0.0,0.0,0.0,1.25],"rotation":0,"texture":"#0","tintindex":0},"up":{"uv":[0.0,2.5,0.0,0.0],"rotation":0,"texture":"#0","tintindex":0},"west":{"uv":[0.0,0.0,2.5,1.25],"rotation":0,"texture":"#0","tintindex":0}}},{"name":"cube","from":[7.4214287,5.533616,-4.27199],"to":[7.4214287,14.105045,0.013723373],"rotation":{"angle":45.0,"axis":"x","origin":[7.4214287,9.81933,-2.1291332]},"faces":{"down":{"uv":[0.0,0.0,0.0,1.25],"rotation":0,"texture":"#0","tintindex":0},"east":{"uv":[2.5,0.0,0.0,1.25],"rotation":270,"texture":"#0","tintindex":0},"north":{"uv":[0.0,0.0,0.0,2.5],"rotation":180,"texture":"#0","tintindex":0},"south":{"uv":[0.0,2.5,0.0,0.0],"rotation":0,"texture":"#0","tintindex":0},"up":{"uv":[0.0,0.0,0.0,1.25],"rotation":180,"texture":"#0","tintindex":0},"west":{"uv":[0.0,0.0,2.5,1.25],"rotation":90,"texture":"#0","tintindex":0}}},{"name":"cube","from":[6.3499994,2.8490791,-4.9110155],"to":[8.428572,6.7062216,-1.9110155],"rotation":{"angle":0.0,"axis":"x","origin":[7.785714,9.706223,4.731843]},"faces":{"down":{"uv":[6.375,2.75,5.75,3.625],"rotation":0,"texture":"#0","tintindex":0},"east":{"uv":[5.125,0.5,6.0,1.625],"rotation":0,"texture":"#0","tintindex":0},"north":{"uv":[4.625,5.5,5.25,6.625],"rotation":0,"texture":"#0","tintindex":0},"south":{"uv":[5.75,1.625,6.375,2.75],"rotation":0,"texture":"#0","tintindex":0},"up":{"uv":[5.5,2.5,4.875,1.625],"rotation":0,"texture":"#0","tintindex":0},"west":{"uv":[1.5,5.125,2.375,6.25],"rotation":0,"texture":"#0","tintindex":0}}},{"name":"cube","from":[6.778571,-0.5794921,-4.9110155],"to":[8.0,3.7062218,-4.053872],"rotation":{"angle":0.0,"axis":"x","origin":[7.785714,9.706223,9.446128]},"faces":{"down":{"uv":[7.0,2.75,6.625,3.0],"rotation":0,"texture":"#0","tintindex":0},"east":{"uv":[5.75,6.375,6.0,7.625],"rotation":0,"texture":"#0","tintindex":0},"north":{"uv":[5.75,5.125,6.125,6.375],"rotation":0,"texture":"#0","tintindex":0},"south":{"uv":[6.125,5.125,6.5,6.375],"rotation":0,"texture":"#0","tintindex":0},"up":{"uv":[7.0,2.75,6.625,2.5],"rotation":0,"texture":"#0","tintindex":0},"west":{"uv":[6.0,6.375,6.25,7.625],"rotation":0,"texture":"#0","tintindex":0}}}],"display":{"head":{"translation":[0.0,-6.4,-13.418995],"rotation":[0.0,0.0,0.0],"scale":[3.7333333,3.7333333,3.7333333]}}}