{"textures":{"0":"modelengine:entity/magnussword","1":"modelengine:entity/magnusshield","2":"modelengine:entity/magnus","3":"modelengine:entity/magnusswordfx"},"elements":[{"name":"cube","from":[7.4,8.672535,3.2229986],"to":[11.6,11.672535,5.022999],"rotation":{"angle":-22.5,"axis":"y","origin":[8.9,9.272535,4.7229986]},"faces":{"down":{"uv":[14.75,10.625,13.875,11.0],"rotation":0,"texture":"#2","tintindex":0},"east":{"uv":[9.5,4.125,9.875,4.75],"rotation":0,"texture":"#2","tintindex":0},"north":{"uv":[12.875,4.875,13.75,5.5],"rotation":0,"texture":"#2","tintindex":0},"south":{"uv":[12.875,5.5,13.75,6.125],"rotation":0,"texture":"#2","tintindex":0},"up":{"uv":[9.375,14.25,8.5,13.875],"rotation":0,"texture":"#2","tintindex":0},"west":{"uv":[1.5,12.375,1.875,13.0],"rotation":0,"texture":"#2","tintindex":0}}},{"name":"cube","from":[7.4,5.0725346,3.2229986],"to":[10.4,8.672535,5.022999],"rotation":{"angle":-22.5,"axis":"y","origin":[8.9,9.272535,4.7229986]},"faces":{"down":{"uv":[2.5,11.5,1.875,11.875],"rotation":0,"texture":"#2","tintindex":0},"east":{"uv":[8.25,9.25,8.625,10.0],"rotation":0,"texture":"#2","tintindex":0},"north":{"uv":[5.25,13.5,5.875,14.25],"rotation":0,"texture":"#2","tintindex":0},"south":{"uv":[5.875,13.5,6.5,14.25],"rotation":0,"texture":"#2","tintindex":0},"up":{"uv":[2.0,5.75,1.375,5.375],"rotation":0,"texture":"#2","tintindex":0},"west":{"uv":[8.75,12.25,9.125,13.0],"rotation":0,"texture":"#2","tintindex":0}}},{"name":"cube","from":[4.5764117,8.672535,3.2229986],"to":[8.776412,11.672535,5.022999],"rotation":{"angle":22.5,"axis":"y","origin":[7.276412,9.272535,4.7229986]},"faces":{"down":{"uv":[14.75,11.375,13.875,11.75],"rotation":0,"texture":"#2","tintindex":0},"east":{"uv":[12.375,12.875,12.75,13.5],"rotation":0,"texture":"#2","tintindex":0},"north":{"uv":[11.5,12.875,12.375,13.5],"rotation":0,"texture":"#2","tintindex":0},"south":{"uv":[1.5,13.0,2.375,13.625],"rotation":0,"texture":"#2","tintindex":0},"up":{"uv":[14.75,11.375,13.875,11.0],"rotation":0,"texture":"#2","tintindex":0},"west":{"uv":[14.0,13.875,14.375,14.5],"rotation":0,"texture":"#2","tintindex":0}}},{"name":"cube","from":[5.776412,5.0725346,3.2229986],"to":[8.776412,8.672535,5.022999],"rotation":{"angle":22.5,"axis":"y","origin":[7.276412,9.272535,4.7229986]},"faces":{"down":{"uv":[13.5,3.25,12.875,3.625],"rotation":0,"texture":"#2","tintindex":0},"east":{"uv":[4.875,13.75,5.25,14.5],"rotation":0,"texture":"#2","tintindex":0},"north":{"uv":[13.5,6.125,14.125,6.875],"rotation":0,"texture":"#2","tintindex":0},"south":{"uv":[13.5,6.875,14.125,7.625],"rotation":0,"texture":"#2","tintindex":0},"up":{"uv":[7.125,12.75,6.5,12.375],"rotation":0,"texture":"#2","tintindex":0},"west":{"uv":[0.0,14.0,0.375,14.75],"rotation":0,"texture":"#2","tintindex":0}}},{"name":"cube","from":[5.1764116,7.472535,4.422999],"to":[11.176413,11.072535,9.823],"rotation":{"angle":0.0,"axis":"x","origin":[7.276412,9.272535,4.7229986]},"faces":{"down":{"uv":[3.625,9.625,2.375,10.75],"rotation":0,"texture":"#2","tintindex":0},"east":{"uv":[1.125,8.875,2.25,9.625],"rotation":0,"texture":"#2","tintindex":0},"north":{"uv":[11.875,8.75,13.125,9.5],"rotation":0,"texture":"#2","tintindex":0},"south":{"uv":[12.0,9.5,13.25,10.25],"rotation":0,"texture":"#2","tintindex":0},"up":{"uv":[2.375,10.75,1.125,9.625],"rotation":0,"texture":"#2","tintindex":0},"west":{"uv":[12.125,1.75,13.25,2.5],"rotation":0,"texture":"#2","tintindex":0}}},{"name":"cube","from":[6.3764114,5.0725346,4.422999],"to":[9.976412,7.472535,8.622999],"rotation":{"angle":0.0,"axis":"x","origin":[7.276412,9.272535,4.7229986]},"faces":{"down":{"uv":[0.75,12.625,0.0,13.5],"rotation":0,"texture":"#2","tintindex":0},"east":{"uv":[10.25,1.875,11.125,2.375],"rotation":0,"texture":"#2","tintindex":0},"north":{"uv":[4.375,10.625,5.125,11.125],"rotation":0,"texture":"#2","tintindex":0},"south":{"uv":[10.25,11.5,11.0,12.0],"rotation":0,"texture":"#2","tintindex":0},"up":{"uv":[2.75,4.625,2.0,3.75],"rotation":0,"texture":"#2","tintindex":0},"west":{"uv":[10.0,13.5,10.875,14.0],"rotation":0,"texture":"#2","tintindex":0}}},{"name":"cube","from":[9.725402,10.472535,3.6496239],"to":[15.725401,13.472535,5.449624],"rotation":{"angle":-22.5,"axis":"y","origin":[16.886267,12.5725355,4.5037017]},"faces":{"down":{"uv":[14.75,3.75,13.5,4.125],"rotation":0,"texture":"#2","tintindex":0},"east":{"uv":[14.125,5.875,14.5,6.5],"rotation":0,"texture":"#2","tintindex":0},"north":{"uv":[12.25,6.375,13.5,7.0],"rotation":0,"texture":"#2","tintindex":0},"south":{"uv":[12.25,7.0,13.5,7.625],"rotation":0,"texture":"#2","tintindex":0},"up":{"uv":[14.75,1.375,13.5,1.0],"rotation":0,"texture":"#2","tintindex":0},"west":{"uv":[14.125,6.5,14.5,7.125],"rotation":0,"texture":"#2","tintindex":0}}},{"name":"cube","from":[8.797331,10.472535,0.97429156],"to":[10.597332,12.272535,5.774292],"rotation":{"angle":0.0,"axis":"x","origin":[9.817331,11.372535,4.274292]},"faces":{"down":{"uv":[7.25,13.625,6.875,14.625],"rotation":0,"texture":"#2","tintindex":0},"east":{"uv":[13.625,2.375,14.625,2.75],"rotation":0,"texture":"#2","tintindex":0},"north":{"uv":[12.75,1.375,13.125,1.75],"rotation":0,"texture":"#2","tintindex":0},"south":{"uv":[14.25,9.625,14.625,10.0],"rotation":0,"texture":"#2","tintindex":0},"up":{"uv":[6.875,14.625,6.5,13.625],"rotation":0,"texture":"#2","tintindex":0},"west":{"uv":[13.625,2.75,14.625,3.125],"rotation":0,"texture":"#2","tintindex":0}}},{"name":"cube","from":[13.925401,13.472535,3.6496239],"to":[15.725401,15.272535,5.449624],"rotation":{"angle":-22.5,"axis":"y","origin":[16.886267,12.5725355,4.5037017]},"faces":{"down":{"uv":[14.75,7.875,14.375,8.25],"rotation":0,"texture":"#2","tintindex":0},"east":{"uv":[2.5,14.375,2.875,14.75],"rotation":0,"texture":"#2","tintindex":0},"north":{"uv":[2.125,14.375,2.5,14.75],"rotation":0,"texture":"#2","tintindex":0},"south":{"uv":[2.875,14.375,3.25,14.75],"rotation":0,"texture":"#2","tintindex":0},"up":{"uv":[14.75,7.875,14.375,7.5],"rotation":0,"texture":"#2","tintindex":0},"west":{"uv":[14.375,4.125,14.75,4.5],"rotation":0,"texture":"#2","tintindex":0}}},{"name":"cube","from":[5.7914987,10.472535,0.97429156],"to":[7.591499,12.272535,5.774292],"rotation":{"angle":0.0,"axis":"x","origin":[6.571499,11.372535,4.274292]},"faces":{"down":{"uv":[6.875,13.625,7.25,14.625],"rotation":0,"texture":"#2","tintindex":0},"east":{"uv":[14.625,2.75,13.625,3.125],"rotation":0,"texture":"#2","tintindex":0},"north":{"uv":[13.125,1.375,12.75,1.75],"rotation":0,"texture":"#2","tintindex":0},"south":{"uv":[14.625,9.625,14.25,10.0],"rotation":0,"texture":"#2","tintindex":0},"up":{"uv":[6.5,14.625,6.875,13.625],"rotation":0,"texture":"#2","tintindex":0},"west":{"uv":[14.625,2.375,13.625,2.75],"rotation":0,"texture":"#2","tintindex":0}}},{"name":"cube","from":[0.6634288,10.472535,3.6496239],"to":[6.663429,13.472535,5.449624],"rotation":{"angle":22.5,"axis":"y","origin":[-0.497437,12.5725355,4.5037017]},"faces":{"down":{"uv":[13.5,3.75,14.75,4.125],"rotation":0,"texture":"#2","tintindex":0},"east":{"uv":[14.5,6.5,14.125,7.125],"rotation":0,"texture":"#2","tintindex":0},"north":{"uv":[13.5,6.375,12.25,7.0],"rotation":0,"texture":"#2","tintindex":0},"south":{"uv":[13.5,7.0,12.25,7.625],"rotation":0,"texture":"#2","tintindex":0},"up":{"uv":[13.5,1.375,14.75,1.0],"rotation":0,"texture":"#2","tintindex":0},"west":{"uv":[14.5,5.875,14.125,6.5],"rotation":0,"texture":"#2","tintindex":0}}},{"name":"cube","from":[0.6634288,13.472535,3.6496239],"to":[2.463429,15.272535,5.449624],"rotation":{"angle":22.5,"axis":"y","origin":[-0.497437,12.5725355,4.5037017]},"faces":{"down":{"uv":[14.375,7.875,14.75,8.25],"rotation":0,"texture":"#2","tintindex":0},"east":{"uv":[14.75,4.125,14.375,4.5],"rotation":0,"texture":"#2","tintindex":0},"north":{"uv":[2.5,14.375,2.125,14.75],"rotation":0,"texture":"#2","tintindex":0},"south":{"uv":[3.25,14.375,2.875,14.75],"rotation":0,"texture":"#2","tintindex":0},"up":{"uv":[14.375,7.875,14.75,7.5],"rotation":0,"texture":"#2","tintindex":0},"west":{"uv":[2.875,14.375,2.5,14.75],"rotation":0,"texture":"#2","tintindex":0}}}],"display":{"head":{"translation":[0.0,-6.4,0.0],"rotation":[0.0,0.0,0.0],"scale":[3.8095,3.8095,3.8095]}}}