{"textures":{"0":"modelengine:entity/magnussword","1":"modelengine:entity/magnusshield","2":"modelengine:entity/magnus","3":"modelengine:entity/magnusswordfx"},"elements":[{"name":"cube","from":[3.4999998,0.98306274,6.3241787],"to":[8.9,8.783063,12.92418],"rotation":{"angle":45.0,"axis":"x","origin":[7.4,9.083063,10.224179]},"faces":{"down":{"uv":[0.0,8.625,1.125,10.0],"rotation":0,"texture":"#2","tintindex":0},"east":{"uv":[2.75,5.75,1.375,7.375],"rotation":0,"texture":"#2","tintindex":0},"north":{"uv":[7.5,6.875,6.375,8.5],"rotation":0,"texture":"#2","tintindex":0},"south":{"uv":[1.125,7.0,0.0,8.625],"rotation":0,"texture":"#2","tintindex":0},"up":{"uv":[5.5,9.875,6.625,8.5],"rotation":0,"texture":"#2","tintindex":0},"west":{"uv":[1.375,5.375,0.0,7.0],"rotation":0,"texture":"#2","tintindex":0}}},{"name":"cube","from":[4.1,-0.81693745,6.924179],"to":[7.7,0.98306274,12.32418],"rotation":{"angle":45.0,"axis":"x","origin":[7.4,9.083063,10.224179]},"faces":{"down":{"uv":[3.625,12.125,4.375,13.25],"rotation":0,"texture":"#2","tintindex":0},"east":{"uv":[14.625,13.125,13.5,13.5],"rotation":0,"texture":"#2","tintindex":0},"north":{"uv":[14.75,11.75,14.0,12.125],"rotation":0,"texture":"#2","tintindex":0},"south":{"uv":[12.625,14.0,11.875,14.375],"rotation":0,"texture":"#2","tintindex":0},"up":{"uv":[12.125,3.625,12.875,2.5],"rotation":0,"texture":"#2","tintindex":0},"west":{"uv":[14.625,12.75,13.5,13.125],"rotation":0,"texture":"#2","tintindex":0}}}],"display":{"head":{"translation":[0.0,-6.4,0.0],"rotation":[0.0,0.0,0.0],"scale":[3.8095,3.8095,3.8095]}}}