{"textures":{"0":"modelengine:entity/magnussword","1":"modelengine:entity/magnusshield","2":"modelengine:entity/magnus","3":"modelengine:entity/magnusswordfx"},"elements":[{"name":"cube","from":[6.5,3.1999998,5.6],"to":[8.9,8.0,10.4],"rotation":{"angle":0.0,"axis":"x","origin":[10.961745,11.276605,5.901678]},"faces":{"down":{"uv":[13.25,8.625,13.75,9.625],"rotation":0,"texture":"#2","tintindex":0},"east":{"uv":[9.125,11.25,8.125,12.25],"rotation":0,"texture":"#2","tintindex":0},"north":{"uv":[13.75,1.375,13.25,2.375],"rotation":0,"texture":"#2","tintindex":0},"south":{"uv":[4.125,13.25,3.625,14.25],"rotation":0,"texture":"#2","tintindex":0},"up":{"uv":[8.0,14.25,8.5,13.25],"rotation":0,"texture":"#2","tintindex":0},"west":{"uv":[12.25,6.625,11.25,7.625],"rotation":0,"texture":"#2","tintindex":0}}},{"name":"cube","from":[8.9,3.1999998,5.6],"to":[10.700001,5.6,10.4],"rotation":{"angle":0.0,"axis":"x","origin":[10.961745,11.276605,5.901678]},"faces":{"down":{"uv":[4.5,13.75,4.875,14.75],"rotation":0,"texture":"#2","tintindex":0},"east":{"uv":[1.0,13.5,0.0,14.0],"rotation":0,"texture":"#2","tintindex":0},"north":{"uv":[9.0,14.25,8.625,14.75],"rotation":0,"texture":"#2","tintindex":0},"south":{"uv":[14.625,8.625,14.25,9.125],"rotation":0,"texture":"#2","tintindex":0},"up":{"uv":[4.125,14.75,4.5,13.75],"rotation":0,"texture":"#2","tintindex":0},"west":{"uv":[14.25,9.625,13.25,10.125],"rotation":0,"texture":"#2","tintindex":0}}},{"name":"cube","from":[8.9,5.6,5.0],"to":[11.3,8.0,8.0],"rotation":{"angle":0.0,"axis":"x","origin":[10.961745,11.276605,5.901678]},"faces":{"down":{"uv":[13.5,13.875,14.0,14.5],"rotation":0,"texture":"#2","tintindex":0},"east":{"uv":[10.0,13.875,9.375,14.375],"rotation":0,"texture":"#2","tintindex":0},"north":{"uv":[8.75,4.75,8.25,5.25],"rotation":0,"texture":"#2","tintindex":0},"south":{"uv":[14.5,12.125,14.0,12.625],"rotation":0,"texture":"#2","tintindex":0},"up":{"uv":[2.25,8.0,2.75,7.375],"rotation":0,"texture":"#2","tintindex":0},"west":{"uv":[3.5,13.875,2.875,14.375],"rotation":0,"texture":"#2","tintindex":0}}}],"display":{"head":{"translation":[0.0,-6.4,0.0],"rotation":[0.0,0.0,0.0],"scale":[3.8095,3.8095,3.8095]}}}