{"textures":{"0":"modelengine:entity/capra3"},"elements":[{"name":"cube","from":[7.099576,6.2,5.0101695],"to":[8.899575,9.8,5.0101695],"rotation":{"angle":0.0,"axis":"x","origin":[6.799576,-37.600002,12.21017]},"faces":{"down":{"uv":[0.375,0.0,0.0,0.0],"rotation":0,"texture":"#0","tintindex":0},"east":{"uv":[0.0,0.0,0.0,0.75],"rotation":0,"texture":"#0","tintindex":0},"north":{"uv":[12.25,0.0,12.625,0.75],"rotation":0,"texture":"#0","tintindex":0},"south":{"uv":[12.25,0.0,12.625,0.75],"rotation":0,"texture":"#0","tintindex":0},"up":{"uv":[0.375,0.0,0.0,0.0],"rotation":0,"texture":"#0","tintindex":0},"west":{"uv":[0.0,0.0,0.0,0.75],"rotation":0,"texture":"#0","tintindex":0}}},{"name":"cube","from":[7.0985518,6.2,9.356178],"to":[8.898551,9.8,9.356178],"rotation":{"angle":0.0,"axis":"x","origin":[9.198551,-37.600002,2.1561785]},"faces":{"down":{"uv":[0.375,0.0,0.0,0.0],"rotation":180,"texture":"#0","tintindex":0},"east":{"uv":[0.0,0.0,0.0,0.75],"rotation":0,"texture":"#0","tintindex":0},"north":{"uv":[12.25,0.0,12.625,0.75],"rotation":0,"texture":"#0","tintindex":0},"south":{"uv":[12.25,0.0,12.625,0.75],"rotation":0,"texture":"#0","tintindex":0},"up":{"uv":[0.375,0.0,0.0,0.0],"rotation":180,"texture":"#0","tintindex":0},"west":{"uv":[0.0,0.0,0.0,0.75],"rotation":0,"texture":"#0","tintindex":0}}},{"name":"cube","from":[10.171344,6.2,6.283386],"to":[10.171344,9.8,8.083386],"rotation":{"angle":0.0,"axis":"x","origin":[2.9713435,-37.600002,5.983386]},"faces":{"down":{"uv":[0.375,0.0,0.0,0.0],"rotation":270,"texture":"#0","tintindex":0},"east":{"uv":[12.25,0.0,12.625,0.75],"rotation":0,"texture":"#0","tintindex":0},"north":{"uv":[0.0,0.0,0.0,0.75],"rotation":0,"texture":"#0","tintindex":0},"south":{"uv":[0.0,0.0,0.0,0.75],"rotation":0,"texture":"#0","tintindex":0},"up":{"uv":[0.375,0.0,0.0,0.0],"rotation":90,"texture":"#0","tintindex":0},"west":{"uv":[12.25,0.0,12.625,0.75],"rotation":0,"texture":"#0","tintindex":0}}},{"name":"cube","from":[5.826783,6.2,6.282962],"to":[5.826783,9.8,8.082962],"rotation":{"angle":0.0,"axis":"x","origin":[13.026783,-37.600002,8.382962]},"faces":{"down":{"uv":[0.375,0.0,0.0,0.0],"rotation":90,"texture":"#0","tintindex":0},"east":{"uv":[12.25,0.0,12.625,0.75],"rotation":0,"texture":"#0","tintindex":0},"north":{"uv":[0.0,0.0,0.0,0.75],"rotation":0,"texture":"#0","tintindex":0},"south":{"uv":[0.0,0.0,0.0,0.75],"rotation":0,"texture":"#0","tintindex":0},"up":{"uv":[0.375,0.0,0.0,0.0],"rotation":270,"texture":"#0","tintindex":0},"west":{"uv":[12.25,0.0,12.625,0.75],"rotation":0,"texture":"#0","tintindex":0}}},{"name":"cube","from":[8.196632,6.2,6.282962],"to":[9.996632,9.8,6.282962],"rotation":{"angle":-45.0,"axis":"y","origin":[10.0845,8.0,6.495094]},"faces":{"down":{"uv":[0.375,0.0,0.0,0.0],"rotation":0,"texture":"#0","tintindex":0},"east":{"uv":[0.0,0.0,0.0,0.75],"rotation":0,"texture":"#0","tintindex":0},"north":{"uv":[12.125,9.25,12.5,10.0],"rotation":0,"texture":"#0","tintindex":0},"south":{"uv":[12.125,9.25,12.5,10.0],"rotation":0,"texture":"#0","tintindex":0},"up":{"uv":[0.375,0.0,0.0,0.0],"rotation":0,"texture":"#0","tintindex":0},"west":{"uv":[0.0,0.0,0.0,0.75],"rotation":0,"texture":"#0","tintindex":0}}},{"name":"cube","from":[6.0014954,6.2,8.083386],"to":[7.801495,9.8,8.083386],"rotation":{"angle":-45.0,"axis":"y","origin":[5.9136267,8.0,7.8712544]},"faces":{"down":{"uv":[0.375,0.0,0.0,0.0],"rotation":180,"texture":"#0","tintindex":0},"east":{"uv":[0.0,0.0,0.0,0.75],"rotation":0,"texture":"#0","tintindex":0},"north":{"uv":[12.125,9.25,12.5,10.0],"rotation":0,"texture":"#0","tintindex":0},"south":{"uv":[12.125,9.25,12.5,10.0],"rotation":0,"texture":"#0","tintindex":0},"up":{"uv":[0.375,0.0,0.0,0.0],"rotation":180,"texture":"#0","tintindex":0},"west":{"uv":[0.0,0.0,0.0,0.75],"rotation":0,"texture":"#0","tintindex":0}}},{"name":"cube","from":[8.898551,6.2,7.3804426],"to":[8.898551,9.8,9.180443],"rotation":{"angle":-45.0,"axis":"y","origin":[8.6864195,8.0,9.268311]},"faces":{"down":{"uv":[0.375,0.0,0.0,0.0],"rotation":270,"texture":"#0","tintindex":0},"east":{"uv":[12.125,9.25,12.5,10.0],"rotation":0,"texture":"#0","tintindex":0},"north":{"uv":[0.0,0.0,0.0,0.75],"rotation":0,"texture":"#0","tintindex":0},"south":{"uv":[0.0,0.0,0.0,0.75],"rotation":0,"texture":"#0","tintindex":0},"up":{"uv":[0.375,0.0,0.0,0.0],"rotation":90,"texture":"#0","tintindex":0},"west":{"uv":[12.125,9.25,12.5,10.0],"rotation":0,"texture":"#0","tintindex":0}}},{"name":"cube","from":[7.099576,6.2,5.1859055],"to":[7.099576,9.8,6.9859056],"rotation":{"angle":-45.0,"axis":"y","origin":[7.3117075,8.0,5.0980377]},"faces":{"down":{"uv":[0.375,0.0,0.0,0.0],"rotation":90,"texture":"#0","tintindex":0},"east":{"uv":[12.125,9.25,12.5,10.0],"rotation":0,"texture":"#0","tintindex":0},"north":{"uv":[0.0,0.0,0.0,0.75],"rotation":0,"texture":"#0","tintindex":0},"south":{"uv":[0.0,0.0,0.0,0.75],"rotation":0,"texture":"#0","tintindex":0},"up":{"uv":[0.375,0.0,0.0,0.0],"rotation":270,"texture":"#0","tintindex":0},"west":{"uv":[12.125,9.25,12.5,10.0],"rotation":0,"texture":"#0","tintindex":0}}}],"display":{"head":{"translation":[0.0,-6.4,0.0],"rotation":[0.0,0.0,0.0],"scale":[3.8095,3.8095,3.8095]}}}