{"textures":{"0":"modelengine:entity/capra3"},"elements":[{"name":"cube","from":[4.76,5.540081,2.934288],"to":[9.56,10.340081,5.934288],"rotation":{"angle":0.0,"axis":"x","origin":[8.360001,8.390081,3.0842881]},"faces":{"down":{"uv":[11.75,8.0,10.75,8.625],"rotation":0,"texture":"#0","tintindex":0},"east":{"uv":[10.75,2.125,11.375,3.125],"rotation":0,"texture":"#0","tintindex":0},"north":{"uv":[3.625,8.625,4.625,9.625],"rotation":0,"texture":"#0","tintindex":0},"south":{"uv":[8.875,8.5,9.875,9.5],"rotation":0,"texture":"#0","tintindex":0},"up":{"uv":[9.625,6.0,8.625,5.375],"rotation":0,"texture":"#0","tintindex":0},"west":{"uv":[3.625,10.75,4.25,11.75],"rotation":0,"texture":"#0","tintindex":0}}},{"name":"cube","from":[5.36,6.740081,-1.2657123],"to":[8.96,10.340081,2.934288],"rotation":{"angle":0.0,"axis":"x","origin":[8.360001,8.390081,3.0842881]},"faces":{"down":{"uv":[9.5,10.625,8.75,11.5],"rotation":0,"texture":"#0","tintindex":0},"east":{"uv":[4.75,7.5,5.625,8.25],"rotation":0,"texture":"#0","tintindex":0},"north":{"uv":[11.0,11.125,11.75,11.875],"rotation":0,"texture":"#0","tintindex":0},"south":{"uv":[11.25,3.125,12.0,3.875],"rotation":0,"texture":"#0","tintindex":0},"up":{"uv":[3.625,11.5,2.875,10.625],"rotation":0,"texture":"#0","tintindex":0},"west":{"uv":[4.5,10.625,5.375,11.375],"rotation":0,"texture":"#0","tintindex":0}}},{"name":"cube","from":[9.457056,7.940081,8.320174],"to":[14.257056,10.940081,8.320174],"rotation":{"angle":-45.0,"axis":"y","origin":[12.688548,9.440081,7.975759]},"faces":{"down":{"uv":[1.0,0.0,0.0,0.0],"rotation":0,"texture":"#0","tintindex":0},"east":{"uv":[0.0,0.0,0.0,0.625],"rotation":0,"texture":"#0","tintindex":0},"north":{"uv":[0.75,11.0,1.75,11.625],"rotation":0,"texture":"#0","tintindex":0},"south":{"uv":[0.75,11.0,1.75,11.625],"rotation":0,"texture":"#0","tintindex":0},"up":{"uv":[1.0,0.0,0.0,0.0],"rotation":0,"texture":"#0","tintindex":0},"west":{"uv":[0.0,0.0,0.0,0.625],"rotation":0,"texture":"#0","tintindex":0}}},{"name":"cube","from":[0.20661664,7.940081,8.108043],"to":[5.0066175,10.940081,8.108043],"rotation":{"angle":45.0,"axis":"y","origin":[1.987258,9.440081,7.975759]},"faces":{"down":{"uv":[0.0,0.0,1.0,0.0],"rotation":0,"texture":"#0","tintindex":0},"east":{"uv":[0.0,0.0,0.0,0.625],"rotation":0,"texture":"#0","tintindex":0},"north":{"uv":[1.75,11.0,0.75,11.625],"rotation":0,"texture":"#0","tintindex":0},"south":{"uv":[1.75,11.0,0.75,11.625],"rotation":0,"texture":"#0","tintindex":0},"up":{"uv":[0.0,0.0,1.0,0.0],"rotation":0,"texture":"#0","tintindex":0},"west":{"uv":[0.0,0.0,0.0,0.625],"rotation":0,"texture":"#0","tintindex":0}}},{"name":"cube","from":[4.16,7.340081,5.934288],"to":[10.16,10.940081,10.134288],"rotation":{"angle":0.0,"axis":"x","origin":[8.360001,8.390081,3.0842881]},"faces":{"down":{"uv":[9.875,3.25,8.625,4.125],"rotation":0,"texture":"#0","tintindex":0},"east":{"uv":[10.625,9.0,11.5,9.75],"rotation":0,"texture":"#0","tintindex":0},"north":{"uv":[5.5,9.625,6.75,10.375],"rotation":0,"texture":"#0","tintindex":0},"south":{"uv":[6.75,9.625,8.0,10.375],"rotation":0,"texture":"#0","tintindex":0},"up":{"uv":[3.25,7.375,2.0,6.5],"rotation":0,"texture":"#0","tintindex":0},"west":{"uv":[10.625,9.75,11.5,10.5],"rotation":0,"texture":"#0","tintindex":0}}}],"display":{"head":{"translation":[0.0,-6.4,0.0],"rotation":[0.0,0.0,0.0],"scale":[3.8095,3.8095,3.8095]}}}