{"textures":{"0":"modelengine:entity/capra3"},"elements":[{"name":"cube","from":[3.759394,4.7444143,5.090573],"to":[7.9593945,9.5444145,9.8905735],"rotation":{"angle":0.0,"axis":"x","origin":[5.927903,9.8,4.490573]},"faces":{"down":{"uv":[1.0,10.0,1.875,11.0],"rotation":0,"texture":"#0","tintindex":0},"east":{"uv":[10.375,7.0,9.375,8.0],"rotation":0,"texture":"#0","tintindex":0},"north":{"uv":[10.625,9.5,9.75,10.5],"rotation":0,"texture":"#0","tintindex":0},"south":{"uv":[10.75,2.25,9.875,3.25],"rotation":0,"texture":"#0","tintindex":0},"up":{"uv":[9.875,9.0,10.75,8.0],"rotation":0,"texture":"#0","tintindex":0},"west":{"uv":[1.0,9.25,0.0,10.25],"rotation":0,"texture":"#0","tintindex":0}}},{"name":"cube","from":[3.759394,-0.65558577,5.090573],"to":[6.7593946,4.7444143,9.290573],"rotation":{"angle":0.0,"axis":"x","origin":[5.927903,9.8,4.490573]},"faces":{"down":{"uv":[8.75,11.5,9.375,12.375],"rotation":0,"texture":"#0","tintindex":0},"east":{"uv":[9.75,9.5,8.875,10.625],"rotation":0,"texture":"#0","tintindex":0},"north":{"uv":[10.375,10.5,9.75,11.625],"rotation":0,"texture":"#0","tintindex":0},"south":{"uv":[11.0,10.5,10.375,11.625],"rotation":0,"texture":"#0","tintindex":0},"up":{"uv":[11.5,9.5,12.125,8.625],"rotation":0,"texture":"#0","tintindex":0},"west":{"uv":[5.5,9.5,4.625,10.625],"rotation":0,"texture":"#0","tintindex":0}}},{"name":"cube","from":[3.759394,-0.65558577,9.290573],"to":[3.759394,9.5444145,14.690574],"rotation":{"angle":0.0,"axis":"x","origin":[4.727903,10.4,4.490573]},"faces":{"down":{"uv":[0.0,0.0,0.0,1.125],"rotation":0,"texture":"#0","tintindex":0},"east":{"uv":[5.5,1.0,6.625,3.125],"rotation":0,"texture":"#0","tintindex":0},"north":{"uv":[0.0,0.0,0.0,2.125],"rotation":0,"texture":"#0","tintindex":0},"south":{"uv":[0.0,0.0,0.0,2.125],"rotation":0,"texture":"#0","tintindex":0},"up":{"uv":[0.0,1.125,0.0,0.0],"rotation":0,"texture":"#0","tintindex":0},"west":{"uv":[6.625,1.0,5.5,3.125],"rotation":0,"texture":"#0","tintindex":0}}}],"display":{"head":{"translation":[0.0,-6.4,0.0],"rotation":[0.0,0.0,0.0],"scale":[3.8095,3.8095,3.8095]}}}