{"textures":{"0":"modelengine:entity/capra3"},"elements":[{"name":"cube","from":[8.000511,0.4975369,7.1956434],"to":[8.000511,10.697537,14.395644],"rotation":{"angle":0.0,"axis":"x","origin":[1.2198383,12.338325,0.35638666]},"faces":{"down":{"uv":[0.0,0.0,0.0,1.5],"rotation":0,"texture":"#0","tintindex":0},"east":{"uv":[4.0,2.75,2.5,4.875],"rotation":0,"texture":"#0","tintindex":0},"north":{"uv":[0.0,0.0,0.0,2.125],"rotation":0,"texture":"#0","tintindex":0},"south":{"uv":[0.0,0.0,0.0,2.125],"rotation":0,"texture":"#0","tintindex":0},"up":{"uv":[0.0,1.5,0.0,0.0],"rotation":0,"texture":"#0","tintindex":0},"west":{"uv":[2.5,2.75,4.0,4.875],"rotation":0,"texture":"#0","tintindex":0}}},{"name":"cube","from":[13.045743,0.4975369,12.622746],"to":[13.045743,10.697537,24.622746],"rotation":{"angle":45.0,"axis":"y","origin":[12.662904,7.8383245,19.598602]},"faces":{"down":{"uv":[0.0,0.0,0.0,2.5],"rotation":0,"texture":"#0","tintindex":0},"east":{"uv":[2.5,0.0,0.0,2.125],"rotation":0,"texture":"#0","tintindex":0},"north":{"uv":[0.0,0.0,0.0,2.125],"rotation":0,"texture":"#0","tintindex":0},"south":{"uv":[0.0,0.0,0.0,2.125],"rotation":0,"texture":"#0","tintindex":0},"up":{"uv":[0.0,2.5,0.0,0.0],"rotation":0,"texture":"#0","tintindex":0},"west":{"uv":[0.0,0.0,2.5,2.125],"rotation":0,"texture":"#0","tintindex":0}}}],"display":{"head":{"translation":[0.0,-6.4,0.0],"rotation":[0.0,0.0,0.0],"scale":[3.8095,3.8095,3.8095]}}}