{"textures":{"0":"modelengine:entity/capra3"},"elements":[{"name":"cube","from":[8.040606,4.7444143,5.090573],"to":[12.240606,9.5444145,9.8905735],"rotation":{"angle":0.0,"axis":"x","origin":[10.072098,9.8,4.490573]},"faces":{"down":{"uv":[1.875,10.0,1.0,11.0],"rotation":0,"texture":"#0","tintindex":0},"east":{"uv":[0.0,9.25,1.0,10.25],"rotation":0,"texture":"#0","tintindex":0},"north":{"uv":[9.75,9.5,10.625,10.5],"rotation":0,"texture":"#0","tintindex":0},"south":{"uv":[9.875,2.25,10.75,3.25],"rotation":0,"texture":"#0","tintindex":0},"up":{"uv":[10.75,9.0,9.875,8.0],"rotation":0,"texture":"#0","tintindex":0},"west":{"uv":[9.375,7.0,10.375,8.0],"rotation":0,"texture":"#0","tintindex":0}}},{"name":"cube","from":[9.240605,-0.65558577,5.090573],"to":[12.240606,4.7444143,9.290573],"rotation":{"angle":0.0,"axis":"x","origin":[10.072098,9.8,4.490573]},"faces":{"down":{"uv":[9.375,11.5,8.75,12.375],"rotation":0,"texture":"#0","tintindex":0},"east":{"uv":[4.625,9.5,5.5,10.625],"rotation":0,"texture":"#0","tintindex":0},"north":{"uv":[9.75,10.5,10.375,11.625],"rotation":0,"texture":"#0","tintindex":0},"south":{"uv":[10.375,10.5,11.0,11.625],"rotation":0,"texture":"#0","tintindex":0},"up":{"uv":[12.125,9.5,11.5,8.625],"rotation":0,"texture":"#0","tintindex":0},"west":{"uv":[8.875,9.5,9.75,10.625],"rotation":0,"texture":"#0","tintindex":0}}},{"name":"cube","from":[12.240606,-0.65558577,9.290573],"to":[12.240606,9.5444145,14.690574],"rotation":{"angle":0.0,"axis":"x","origin":[11.272098,10.4,4.490573]},"faces":{"down":{"uv":[0.0,0.0,0.0,1.125],"rotation":0,"texture":"#0","tintindex":0},"east":{"uv":[5.5,1.0,6.625,3.125],"rotation":0,"texture":"#0","tintindex":0},"north":{"uv":[0.0,0.0,0.0,2.125],"rotation":0,"texture":"#0","tintindex":0},"south":{"uv":[0.0,0.0,0.0,2.125],"rotation":0,"texture":"#0","tintindex":0},"up":{"uv":[0.0,1.125,0.0,0.0],"rotation":0,"texture":"#0","tintindex":0},"west":{"uv":[6.625,1.0,5.5,3.125],"rotation":0,"texture":"#0","tintindex":0}}}],"display":{"head":{"translation":[0.0,-6.4,0.0],"rotation":[0.0,0.0,0.0],"scale":[3.8095,3.8095,3.8095]}}}