{"textures":{"0":"modelengine:entity/capra3"},"elements":[{"name":"cube","from":[7.4,6.6047497,7.8778872],"to":[8.6,9.60475,10.277887],"rotation":{"angle":-22.5,"axis":"x","origin":[7.4,4.65475,5.6278877]},"faces":{"down":{"uv":[8.75,12.0,8.5,12.5],"rotation":0,"texture":"#0","tintindex":0},"east":{"uv":[12.125,6.5,12.625,7.125],"rotation":0,"texture":"#0","tintindex":0},"north":{"uv":[9.5,10.625,9.75,11.25],"rotation":0,"texture":"#0","tintindex":0},"south":{"uv":[4.25,10.75,4.5,11.375],"rotation":0,"texture":"#0","tintindex":0},"up":{"uv":[7.0,12.0,6.75,11.5],"rotation":0,"texture":"#0","tintindex":0},"west":{"uv":[12.125,8.625,12.625,9.25],"rotation":0,"texture":"#0","tintindex":0}}},{"name":"cube","from":[6.8,9.60475,7.8778872],"to":[9.2,12.604751,15.677887],"rotation":{"angle":-22.5,"axis":"x","origin":[7.4,4.65475,5.6278877]},"faces":{"down":{"uv":[8.0,10.375,7.5,12.0],"rotation":0,"texture":"#0","tintindex":0},"east":{"uv":[8.625,4.125,10.25,4.75],"rotation":0,"texture":"#0","tintindex":0},"north":{"uv":[12.125,2.125,12.625,2.75],"rotation":0,"texture":"#0","tintindex":0},"south":{"uv":[12.125,5.125,12.625,5.75],"rotation":0,"texture":"#0","tintindex":0},"up":{"uv":[7.5,12.0,7.0,10.375],"rotation":0,"texture":"#0","tintindex":0},"west":{"uv":[8.625,4.75,10.25,5.375],"rotation":0,"texture":"#0","tintindex":0}}},{"name":"cube","from":[7.1,13.445561,11.8705435],"to":[8.9,15.845562,15.470543],"rotation":{"angle":0.0,"axis":"x","origin":[8.9,14.345561,15.770543]},"faces":{"down":{"uv":[5.0,12.125,4.625,12.875],"rotation":0,"texture":"#0","tintindex":0},"east":{"uv":[9.625,6.5,10.375,7.0],"rotation":0,"texture":"#0","tintindex":0},"north":{"uv":[12.375,1.5,12.75,2.0],"rotation":0,"texture":"#0","tintindex":0},"south":{"uv":[12.375,7.125,12.75,7.625],"rotation":0,"texture":"#0","tintindex":0},"up":{"uv":[5.5,2.75,5.125,2.0],"rotation":0,"texture":"#0","tintindex":0},"west":{"uv":[9.875,9.0,10.625,9.5],"rotation":0,"texture":"#0","tintindex":0}}},{"name":"cube","from":[7.4,14.044939,14.873682],"to":[8.6,15.844939,18.473682],"rotation":{"angle":22.5,"axis":"x","origin":[8.9,14.344939,15.173682]},"faces":{"down":{"uv":[1.0,10.25,0.75,11.0],"rotation":0,"texture":"#0","tintindex":0},"east":{"uv":[7.0,6.0,7.75,6.375],"rotation":0,"texture":"#0","tintindex":0},"north":{"uv":[9.5,11.25,9.75,11.625],"rotation":0,"texture":"#0","tintindex":0},"south":{"uv":[12.0,3.5,12.25,3.875],"rotation":0,"texture":"#0","tintindex":0},"up":{"uv":[8.5,3.0,8.25,2.25],"rotation":0,"texture":"#0","tintindex":0},"west":{"uv":[8.25,7.0,9.0,7.375],"rotation":0,"texture":"#0","tintindex":0}}}],"display":{"head":{"translation":[0.0,-6.4,0.0],"rotation":[0.0,0.0,0.0],"scale":[3.8095,3.8095,3.8095]}}}