{"textures":{"0":"modelengine:entity/capra3"},"elements":[{"name":"cube","from":[6.8,8.0,6.2],"to":[8.6,9.800001,11.0],"rotation":{"angle":0.0,"axis":"x","origin":[8.0,8.0,8.0]},"faces":{"down":{"uv":[15.875,15.875,16.0,16.0],"rotation":0,"texture":"#0","tintindex":0},"east":{"uv":[15.875,15.875,16.0,16.0],"rotation":0,"texture":"#0","tintindex":0},"north":{"uv":[15.875,15.875,16.0,16.0],"rotation":0,"texture":"#0","tintindex":0},"south":{"uv":[15.875,15.875,16.0,16.0],"rotation":0,"texture":"#0","tintindex":0},"up":{"uv":[15.875,15.875,16.0,16.0],"rotation":0,"texture":"#0","tintindex":0},"west":{"uv":[15.875,15.875,16.0,16.0],"rotation":0,"texture":"#0","tintindex":0}}}],"display":{"head":{"translation":[0.0,-6.4,0.0],"rotation":[0.0,0.0,0.0],"scale":[3.8095,3.8095,3.8095]}}}