{"textures":{"0":"modelengine:entity/phillip"},"elements":[{"name":"cube","from":[7.7091064,4.4497204,7.4362535],"to":[8.909107,8.04972,8.636253],"rotation":{"angle":0.0,"axis":"x","origin":[9.195434,6.095811,8.009115]},"faces":{"down":{"uv":[13.0,1.0,14.0,2.0],"rotation":0,"texture":"#0","tintindex":0},"east":{"uv":[13.0,0.0,12.0,3.0],"rotation":0,"texture":"#0","tintindex":0},"north":{"uv":[9.5,11.5,8.5,14.5],"rotation":0,"texture":"#0","tintindex":0},"south":{"uv":[1.0,12.0,0.0,15.0],"rotation":0,"texture":"#0","tintindex":0},"up":{"uv":[13.0,1.0,14.0,0.0],"rotation":0,"texture":"#0","tintindex":0},"west":{"uv":[10.5,11.5,9.5,14.5],"rotation":0,"texture":"#0","tintindex":0}}}],"display":{"head":{"translation":[0.0,-6.4,0.0],"rotation":[0.0,0.0,0.0],"scale":[3.8095,3.8095,3.8095]}}}