{"textures":{"0":"modelengine:entity/phillip"},"elements":[{"name":"cube","from":[7.0908933,4.450911,7.408977],"to":[8.290894,8.050911,8.608976],"rotation":{"angle":0.0,"axis":"x","origin":[6.8045664,6.097002,7.9818387]},"faces":{"down":{"uv":[14.0,1.0,13.0,2.0],"rotation":0,"texture":"#0","tintindex":0},"east":{"uv":[9.5,11.5,10.5,14.5],"rotation":0,"texture":"#0","tintindex":0},"north":{"uv":[8.5,11.5,9.5,14.5],"rotation":0,"texture":"#0","tintindex":0},"south":{"uv":[0.0,12.0,1.0,15.0],"rotation":0,"texture":"#0","tintindex":0},"up":{"uv":[14.0,1.0,13.0,0.0],"rotation":0,"texture":"#0","tintindex":0},"west":{"uv":[12.0,0.0,13.0,3.0],"rotation":0,"texture":"#0","tintindex":0}}}],"display":{"head":{"translation":[0.0,-6.4,0.0],"rotation":[0.0,0.0,0.0],"scale":[3.8095,3.8095,3.8095]}}}