{"textures":{"0":"modelengine:entity/phillip"},"elements":[{"name":"cube","from":[5.8999996,5.2314916,4.9555845],"to":[10.1,10.031492,10.9555855],"rotation":{"angle":0.0,"axis":"x","origin":[8.0,7.6314917,7.955585]},"faces":{"down":{"uv":[8.5,5.0,5.0,10.0],"rotation":0,"texture":"#0","tintindex":0},"east":{"uv":[0.0,0.0,5.0,4.0],"rotation":0,"texture":"#0","tintindex":0},"north":{"uv":[0.0,8.0,3.5,12.0],"rotation":0,"texture":"#0","tintindex":0},"south":{"uv":[8.5,0.0,12.0,4.0],"rotation":0,"texture":"#0","tintindex":0},"up":{"uv":[8.5,5.0,5.0,0.0],"rotation":0,"texture":"#0","tintindex":0},"west":{"uv":[0.0,4.0,5.0,8.0],"rotation":0,"texture":"#0","tintindex":0}}},{"name":"cube","from":[7.1,6.5685086,11.644415],"to":[8.9,10.168509,11.644415],"rotation":{"angle":-22.5,"axis":"x","origin":[9.2,8.368508,11.644415]},"faces":{"down":{"uv":[1.5,0.0,0.0,0.0],"rotation":0,"texture":"#0","tintindex":0},"east":{"uv":[0.0,0.0,0.0,3.0],"rotation":0,"texture":"#0","tintindex":0},"north":{"uv":[11.0,9.5,12.5,12.5],"rotation":0,"texture":"#0","tintindex":0},"south":{"uv":[11.0,9.5,12.5,12.5],"rotation":0,"texture":"#0","tintindex":0},"up":{"uv":[1.5,0.0,0.0,0.0],"rotation":0,"texture":"#0","tintindex":0},"west":{"uv":[0.0,0.0,0.0,3.0],"rotation":0,"texture":"#0","tintindex":0}}}],"display":{"head":{"translation":[0.0,-6.4,0.0],"rotation":[0.0,0.0,0.0],"scale":[3.8095,3.8095,3.8095]}}}