{"textures":{"0":"modelengine:entity/phillip"},"elements":[{"name":"cube","from":[8.687702,9.27981,8.921691],"to":[9.287703,10.17981,10.121691],"rotation":{"angle":22.5,"axis":"x","origin":[8.0,8.784882,8.927373]},"faces":{"down":{"uv":[14.0,2.0,13.5,3.0],"rotation":0,"texture":"#0","tintindex":0},"east":{"uv":[11.5,12.5,12.5,13.5],"rotation":0,"texture":"#0","tintindex":0},"north":{"uv":[1.0,13.5,1.5,14.5],"rotation":0,"texture":"#0","tintindex":0},"south":{"uv":[1.5,13.5,2.0,14.5],"rotation":0,"texture":"#0","tintindex":0},"up":{"uv":[2.5,14.5,2.0,13.5],"rotation":0,"texture":"#0","tintindex":0},"west":{"uv":[12.5,12.0,13.5,13.0],"rotation":0,"texture":"#0","tintindex":0}}},{"name":"cube","from":[8.387703,8.875801,7.0559397],"to":[9.587702,10.075802,9.455939],"rotation":{"angle":0.0,"axis":"x","origin":[8.0,8.784882,8.927373]},"faces":{"down":{"uv":[6.5,12.5,5.5,14.5],"rotation":0,"texture":"#0","tintindex":0},"east":{"uv":[12.0,3.0,14.0,4.0],"rotation":0,"texture":"#0","tintindex":0},"north":{"uv":[10.5,12.5,11.5,13.5],"rotation":0,"texture":"#0","tintindex":0},"south":{"uv":[12.5,11.0,13.5,12.0],"rotation":0,"texture":"#0","tintindex":0},"up":{"uv":[5.5,14.5,4.5,12.5],"rotation":0,"texture":"#0","tintindex":0},"west":{"uv":[2.5,12.5,4.5,13.5],"rotation":0,"texture":"#0","tintindex":0}}},{"name":"cube","from":[8.687702,7.6758013,7.0559397],"to":[9.287703,8.875801,8.2559395],"rotation":{"angle":0.0,"axis":"x","origin":[8.0,8.784882,8.927373]},"faces":{"down":{"uv":[13.5,13.0,13.0,14.0],"rotation":0,"texture":"#0","tintindex":0},"east":{"uv":[7.5,12.5,8.5,13.5],"rotation":0,"texture":"#0","tintindex":0},"north":{"uv":[10.5,11.5,11.0,12.5],"rotation":0,"texture":"#0","tintindex":0},"south":{"uv":[13.0,2.0,13.5,3.0],"rotation":0,"texture":"#0","tintindex":0},"up":{"uv":[13.0,14.0,12.5,13.0],"rotation":0,"texture":"#0","tintindex":0},"west":{"uv":[12.5,10.0,13.5,11.0],"rotation":0,"texture":"#0","tintindex":0}}}],"display":{"head":{"translation":[0.0,-6.4,0.0],"rotation":[0.0,0.0,0.0],"scale":[3.8095,3.8095,3.8095]}}}