{"textures":{"0":"modelengine:entity/caprachains"},"elements":[{"name":"cube","from":[4.3999996,7.1,11.6],"to":[11.6,8.9,11.6],"rotation":{"angle":-22.5,"axis":"z","origin":[8.0,8.0,8.0]},"faces":{"down":{"uv":[12.0,0.0,0.0,0.0],"rotation":0,"texture":"#0","tintindex":0},"east":{"uv":[0.0,0.0,0.0,3.0],"rotation":0,"texture":"#0","tintindex":0},"north":{"uv":[0.0,3.0,12.0,6.0],"rotation":0,"texture":"#0","tintindex":0},"south":{"uv":[0.0,3.0,12.0,6.0],"rotation":0,"texture":"#0","tintindex":0},"up":{"uv":[12.0,0.0,0.0,0.0],"rotation":0,"texture":"#0","tintindex":0},"west":{"uv":[0.0,0.0,0.0,3.0],"rotation":0,"texture":"#0","tintindex":0}}},{"name":"cube","from":[4.3999996,7.1,4.3999996],"to":[4.3999996,8.9,11.6],"rotation":{"angle":-22.5,"axis":"z","origin":[8.0,8.0,8.0]},"faces":{"down":{"uv":[12.0,0.0,0.0,0.0],"rotation":270,"texture":"#0","tintindex":0},"east":{"uv":[0.0,3.0,12.0,6.0],"rotation":0,"texture":"#0","tintindex":0},"north":{"uv":[0.0,0.0,0.0,3.0],"rotation":0,"texture":"#0","tintindex":0},"south":{"uv":[0.0,0.0,0.0,3.0],"rotation":0,"texture":"#0","tintindex":0},"up":{"uv":[12.0,0.0,0.0,0.0],"rotation":90,"texture":"#0","tintindex":0},"west":{"uv":[0.0,3.0,12.0,6.0],"rotation":0,"texture":"#0","tintindex":0}}},{"name":"cube","from":[4.3999996,7.1,4.3999996],"to":[11.6,8.9,4.3999996],"rotation":{"angle":-22.5,"axis":"z","origin":[8.0,8.0,8.0]},"faces":{"down":{"uv":[12.0,0.0,0.0,0.0],"rotation":180,"texture":"#0","tintindex":0},"east":{"uv":[0.0,0.0,0.0,3.0],"rotation":0,"texture":"#0","tintindex":0},"north":{"uv":[0.0,3.0,12.0,6.0],"rotation":0,"texture":"#0","tintindex":0},"south":{"uv":[0.0,3.0,12.0,6.0],"rotation":0,"texture":"#0","tintindex":0},"up":{"uv":[12.0,0.0,0.0,0.0],"rotation":180,"texture":"#0","tintindex":0},"west":{"uv":[0.0,0.0,0.0,3.0],"rotation":0,"texture":"#0","tintindex":0}}},{"name":"cube","from":[11.6,7.1,4.3999996],"to":[11.6,8.9,11.6],"rotation":{"angle":-22.5,"axis":"z","origin":[8.0,8.0,8.0]},"faces":{"down":{"uv":[12.0,0.0,0.0,0.0],"rotation":90,"texture":"#0","tintindex":0},"east":{"uv":[0.0,3.0,12.0,6.0],"rotation":0,"texture":"#0","tintindex":0},"north":{"uv":[0.0,0.0,0.0,3.0],"rotation":0,"texture":"#0","tintindex":0},"south":{"uv":[0.0,0.0,0.0,3.0],"rotation":0,"texture":"#0","tintindex":0},"up":{"uv":[12.0,0.0,0.0,0.0],"rotation":270,"texture":"#0","tintindex":0},"west":{"uv":[0.0,3.0,12.0,6.0],"rotation":0,"texture":"#0","tintindex":0}}},{"name":"cube","from":[4.3999996,10.1,11.6],"to":[11.6,11.900001,11.6],"rotation":{"angle":45.0,"axis":"y","origin":[8.0,8.0,8.0]},"faces":{"down":{"uv":[12.0,0.0,0.0,0.0],"rotation":0,"texture":"#0","tintindex":0},"east":{"uv":[0.0,0.0,0.0,3.0],"rotation":0,"texture":"#0","tintindex":0},"north":{"uv":[0.0,3.0,12.0,6.0],"rotation":0,"texture":"#0","tintindex":0},"south":{"uv":[0.0,3.0,12.0,6.0],"rotation":0,"texture":"#0","tintindex":0},"up":{"uv":[12.0,0.0,0.0,0.0],"rotation":0,"texture":"#0","tintindex":0},"west":{"uv":[0.0,0.0,0.0,3.0],"rotation":0,"texture":"#0","tintindex":0}}},{"name":"cube","from":[4.3999996,10.1,4.3999996],"to":[4.3999996,11.900001,11.6],"rotation":{"angle":45.0,"axis":"y","origin":[8.0,8.0,8.0]},"faces":{"down":{"uv":[12.0,0.0,0.0,0.0],"rotation":270,"texture":"#0","tintindex":0},"east":{"uv":[0.0,3.0,12.0,6.0],"rotation":0,"texture":"#0","tintindex":0},"north":{"uv":[0.0,0.0,0.0,3.0],"rotation":0,"texture":"#0","tintindex":0},"south":{"uv":[0.0,0.0,0.0,3.0],"rotation":0,"texture":"#0","tintindex":0},"up":{"uv":[12.0,0.0,0.0,0.0],"rotation":90,"texture":"#0","tintindex":0},"west":{"uv":[0.0,3.0,12.0,6.0],"rotation":0,"texture":"#0","tintindex":0}}},{"name":"cube","from":[4.3999996,10.1,4.3999996],"to":[11.6,11.900001,4.3999996],"rotation":{"angle":45.0,"axis":"y","origin":[8.0,8.0,8.0]},"faces":{"down":{"uv":[12.0,0.0,0.0,0.0],"rotation":180,"texture":"#0","tintindex":0},"east":{"uv":[0.0,0.0,0.0,3.0],"rotation":0,"texture":"#0","tintindex":0},"north":{"uv":[0.0,3.0,12.0,6.0],"rotation":0,"texture":"#0","tintindex":0},"south":{"uv":[0.0,3.0,12.0,6.0],"rotation":0,"texture":"#0","tintindex":0},"up":{"uv":[12.0,0.0,0.0,0.0],"rotation":180,"texture":"#0","tintindex":0},"west":{"uv":[0.0,0.0,0.0,3.0],"rotation":0,"texture":"#0","tintindex":0}}},{"name":"cube","from":[11.6,10.1,4.3999996],"to":[11.6,11.900001,11.6],"rotation":{"angle":45.0,"axis":"y","origin":[8.0,8.0,8.0]},"faces":{"down":{"uv":[12.0,0.0,0.0,0.0],"rotation":90,"texture":"#0","tintindex":0},"east":{"uv":[0.0,3.0,12.0,6.0],"rotation":0,"texture":"#0","tintindex":0},"north":{"uv":[0.0,0.0,0.0,3.0],"rotation":0,"texture":"#0","tintindex":0},"south":{"uv":[0.0,0.0,0.0,3.0],"rotation":0,"texture":"#0","tintindex":0},"up":{"uv":[12.0,0.0,0.0,0.0],"rotation":270,"texture":"#0","tintindex":0},"west":{"uv":[0.0,3.0,12.0,6.0],"rotation":0,"texture":"#0","tintindex":0}}},{"name":"cube","from":[4.3999996,12.5,4.3999996],"to":[11.6,14.3,4.3999996],"rotation":{"angle":22.5,"axis":"x","origin":[8.0,13.400001,8.0]},"faces":{"down":{"uv":[12.0,0.0,0.0,0.0],"rotation":180,"texture":"#0","tintindex":0},"east":{"uv":[0.0,0.0,0.0,3.0],"rotation":0,"texture":"#0","tintindex":0},"north":{"uv":[0.0,3.0,12.0,6.0],"rotation":0,"texture":"#0","tintindex":0},"south":{"uv":[0.0,3.0,12.0,6.0],"rotation":0,"texture":"#0","tintindex":0},"up":{"uv":[12.0,0.0,0.0,0.0],"rotation":180,"texture":"#0","tintindex":0},"west":{"uv":[0.0,0.0,0.0,3.0],"rotation":0,"texture":"#0","tintindex":0}}},{"name":"cube","from":[11.6,12.5,4.3999996],"to":[11.6,14.3,11.6],"rotation":{"angle":22.5,"axis":"x","origin":[8.0,13.400001,8.0]},"faces":{"down":{"uv":[12.0,0.0,0.0,0.0],"rotation":90,"texture":"#0","tintindex":0},"east":{"uv":[0.0,3.0,12.0,6.0],"rotation":0,"texture":"#0","tintindex":0},"north":{"uv":[0.0,0.0,0.0,3.0],"rotation":0,"texture":"#0","tintindex":0},"south":{"uv":[0.0,0.0,0.0,3.0],"rotation":0,"texture":"#0","tintindex":0},"up":{"uv":[12.0,0.0,0.0,0.0],"rotation":270,"texture":"#0","tintindex":0},"west":{"uv":[0.0,3.0,12.0,6.0],"rotation":0,"texture":"#0","tintindex":0}}},{"name":"cube","from":[4.3999996,12.5,11.6],"to":[11.6,14.3,11.6],"rotation":{"angle":22.5,"axis":"x","origin":[8.0,13.400001,8.0]},"faces":{"down":{"uv":[12.0,0.0,0.0,0.0],"rotation":0,"texture":"#0","tintindex":0},"east":{"uv":[0.0,0.0,0.0,3.0],"rotation":0,"texture":"#0","tintindex":0},"north":{"uv":[0.0,3.0,12.0,6.0],"rotation":0,"texture":"#0","tintindex":0},"south":{"uv":[0.0,3.0,12.0,6.0],"rotation":0,"texture":"#0","tintindex":0},"up":{"uv":[12.0,0.0,0.0,0.0],"rotation":0,"texture":"#0","tintindex":0},"west":{"uv":[0.0,0.0,0.0,3.0],"rotation":0,"texture":"#0","tintindex":0}}},{"name":"cube","from":[4.3999996,12.5,4.3999996],"to":[4.3999996,14.3,11.6],"rotation":{"angle":22.5,"axis":"x","origin":[8.0,13.400001,8.0]},"faces":{"down":{"uv":[12.0,0.0,0.0,0.0],"rotation":270,"texture":"#0","tintindex":0},"east":{"uv":[0.0,3.0,12.0,6.0],"rotation":0,"texture":"#0","tintindex":0},"north":{"uv":[0.0,0.0,0.0,3.0],"rotation":0,"texture":"#0","tintindex":0},"south":{"uv":[0.0,0.0,0.0,3.0],"rotation":0,"texture":"#0","tintindex":0},"up":{"uv":[12.0,0.0,0.0,0.0],"rotation":90,"texture":"#0","tintindex":0},"west":{"uv":[0.0,3.0,12.0,6.0],"rotation":0,"texture":"#0","tintindex":0}}},{"name":"cube","from":[4.3999996,8.9,4.3999996],"to":[11.6,10.700001,4.3999996],"rotation":{"angle":0.0,"axis":"y","origin":[8.0,8.0,8.0]},"faces":{"down":{"uv":[12.0,0.0,0.0,0.0],"rotation":180,"texture":"#0","tintindex":0},"east":{"uv":[0.0,0.0,0.0,3.0],"rotation":0,"texture":"#0","tintindex":0},"north":{"uv":[0.0,3.0,12.0,6.0],"rotation":0,"texture":"#0","tintindex":0},"south":{"uv":[0.0,3.0,12.0,6.0],"rotation":0,"texture":"#0","tintindex":0},"up":{"uv":[12.0,0.0,0.0,0.0],"rotation":180,"texture":"#0","tintindex":0},"west":{"uv":[0.0,0.0,0.0,3.0],"rotation":0,"texture":"#0","tintindex":0}}},{"name":"cube","from":[11.6,8.9,4.3999996],"to":[11.6,10.700001,11.6],"rotation":{"angle":0.0,"axis":"y","origin":[8.0,8.0,8.0]},"faces":{"down":{"uv":[12.0,0.0,0.0,0.0],"rotation":90,"texture":"#0","tintindex":0},"east":{"uv":[0.0,3.0,12.0,6.0],"rotation":0,"texture":"#0","tintindex":0},"north":{"uv":[0.0,0.0,0.0,3.0],"rotation":0,"texture":"#0","tintindex":0},"south":{"uv":[0.0,0.0,0.0,3.0],"rotation":0,"texture":"#0","tintindex":0},"up":{"uv":[12.0,0.0,0.0,0.0],"rotation":270,"texture":"#0","tintindex":0},"west":{"uv":[0.0,3.0,12.0,6.0],"rotation":0,"texture":"#0","tintindex":0}}},{"name":"cube","from":[4.3999996,8.9,11.6],"to":[11.6,10.700001,11.6],"rotation":{"angle":0.0,"axis":"y","origin":[8.0,8.0,8.0]},"faces":{"down":{"uv":[12.0,0.0,0.0,0.0],"rotation":0,"texture":"#0","tintindex":0},"east":{"uv":[0.0,0.0,0.0,3.0],"rotation":0,"texture":"#0","tintindex":0},"north":{"uv":[0.0,3.0,12.0,6.0],"rotation":0,"texture":"#0","tintindex":0},"south":{"uv":[0.0,3.0,12.0,6.0],"rotation":0,"texture":"#0","tintindex":0},"up":{"uv":[12.0,0.0,0.0,0.0],"rotation":0,"texture":"#0","tintindex":0},"west":{"uv":[0.0,0.0,0.0,3.0],"rotation":0,"texture":"#0","tintindex":0}}},{"name":"cube","from":[4.3999996,8.9,4.3999996],"to":[4.3999996,10.700001,11.6],"rotation":{"angle":0.0,"axis":"y","origin":[8.0,8.0,8.0]},"faces":{"down":{"uv":[12.0,0.0,0.0,0.0],"rotation":270,"texture":"#0","tintindex":0},"east":{"uv":[0.0,3.0,12.0,6.0],"rotation":0,"texture":"#0","tintindex":0},"north":{"uv":[0.0,0.0,0.0,3.0],"rotation":0,"texture":"#0","tintindex":0},"south":{"uv":[0.0,0.0,0.0,3.0],"rotation":0,"texture":"#0","tintindex":0},"up":{"uv":[12.0,0.0,0.0,0.0],"rotation":90,"texture":"#0","tintindex":0},"west":{"uv":[0.0,3.0,12.0,6.0],"rotation":0,"texture":"#0","tintindex":0}}},{"name":"cube","from":[11.6,14.900001,4.3999996],"to":[11.6,16.7,11.6],"rotation":{"angle":0.0,"axis":"y","origin":[8.0,8.0,8.0]},"faces":{"down":{"uv":[12.0,0.0,0.0,0.0],"rotation":90,"texture":"#0","tintindex":0},"east":{"uv":[0.0,3.0,12.0,6.0],"rotation":0,"texture":"#0","tintindex":0},"north":{"uv":[0.0,0.0,0.0,3.0],"rotation":0,"texture":"#0","tintindex":0},"south":{"uv":[0.0,0.0,0.0,3.0],"rotation":0,"texture":"#0","tintindex":0},"up":{"uv":[12.0,0.0,0.0,0.0],"rotation":270,"texture":"#0","tintindex":0},"west":{"uv":[0.0,3.0,12.0,6.0],"rotation":0,"texture":"#0","tintindex":0}}},{"name":"cube","from":[4.3999996,14.900001,4.3999996],"to":[11.6,16.7,4.3999996],"rotation":{"angle":0.0,"axis":"y","origin":[8.0,8.0,8.0]},"faces":{"down":{"uv":[12.0,0.0,0.0,0.0],"rotation":180,"texture":"#0","tintindex":0},"east":{"uv":[0.0,0.0,0.0,3.0],"rotation":0,"texture":"#0","tintindex":0},"north":{"uv":[0.0,3.0,12.0,6.0],"rotation":0,"texture":"#0","tintindex":0},"south":{"uv":[0.0,3.0,12.0,6.0],"rotation":0,"texture":"#0","tintindex":0},"up":{"uv":[12.0,0.0,0.0,0.0],"rotation":180,"texture":"#0","tintindex":0},"west":{"uv":[0.0,0.0,0.0,3.0],"rotation":0,"texture":"#0","tintindex":0}}},{"name":"cube","from":[4.3999996,14.900001,11.6],"to":[11.6,16.7,11.6],"rotation":{"angle":0.0,"axis":"y","origin":[8.0,8.0,8.0]},"faces":{"down":{"uv":[12.0,0.0,0.0,0.0],"rotation":0,"texture":"#0","tintindex":0},"east":{"uv":[0.0,0.0,0.0,3.0],"rotation":0,"texture":"#0","tintindex":0},"north":{"uv":[0.0,3.0,12.0,6.0],"rotation":0,"texture":"#0","tintindex":0},"south":{"uv":[0.0,3.0,12.0,6.0],"rotation":0,"texture":"#0","tintindex":0},"up":{"uv":[12.0,0.0,0.0,0.0],"rotation":0,"texture":"#0","tintindex":0},"west":{"uv":[0.0,0.0,0.0,3.0],"rotation":0,"texture":"#0","tintindex":0}}},{"name":"cube","from":[4.3999996,14.900001,4.3999996],"to":[4.3999996,16.7,11.6],"rotation":{"angle":0.0,"axis":"y","origin":[8.0,8.0,8.0]},"faces":{"down":{"uv":[12.0,0.0,0.0,0.0],"rotation":270,"texture":"#0","tintindex":0},"east":{"uv":[0.0,3.0,12.0,6.0],"rotation":0,"texture":"#0","tintindex":0},"north":{"uv":[0.0,0.0,0.0,3.0],"rotation":0,"texture":"#0","tintindex":0},"south":{"uv":[0.0,0.0,0.0,3.0],"rotation":0,"texture":"#0","tintindex":0},"up":{"uv":[12.0,0.0,0.0,0.0],"rotation":90,"texture":"#0","tintindex":0},"west":{"uv":[0.0,3.0,12.0,6.0],"rotation":0,"texture":"#0","tintindex":0}}}],"display":{"head":{"translation":[0.0,-6.4,0.0],"rotation":[0.0,0.0,0.0],"scale":[3.8095,3.8095,3.8095]}}}