{"data":148,"parent":"item/generated","textures":{"layer0":"item/leather_horse_armor"},"overrides":[{"predicate":{"custom_model_data":1},"model":"modelengine:bonfire/bonfire"},{"predicate":{"custom_model_data":2},"model":"modelengine:bonfire_lit/bonfire"},{"predicate":{"custom_model_data":3},"model":"modelengine:capra/righthorn"},{"predicate":{"custom_model_data":4},"model":"modelengine:capra/lefthorn"},{"predicate":{"custom_model_data":5},"model":"modelengine:capra/head"},{"predicate":{"custom_model_data":6},"model":"modelengine:capra/crown"},{"predicate":{"custom_model_data":7},"model":"modelengine:capra/scythe"},{"predicate":{"custom_model_data":8},"model":"modelengine:capra/righthand"},{"predicate":{"custom_model_data":9},"model":"modelengine:capra/rightforearm"},{"predicate":{"custom_model_data":10},"model":"modelengine:capra/rightbicep"},{"predicate":{"custom_model_data":11},"model":"modelengine:capra/lefthand"},{"predicate":{"custom_model_data":12},"model":"modelengine:capra/leftforearm"},{"predicate":{"custom_model_data":13},"model":"modelengine:capra/leftbicep"},{"predicate":{"custom_model_data":14},"model":"modelengine:capra/rightleg"},{"predicate":{"custom_model_data":15},"model":"modelengine:capra/rightthigh"},{"predicate":{"custom_model_data":16},"model":"modelengine:capra/leftleg"},{"predicate":{"custom_model_data":17},"model":"modelengine:capra/leftthigh"},{"predicate":{"custom_model_data":18},"model":"modelengine:capra/rightwing"},{"predicate":{"custom_model_data":19},"model":"modelengine:capra/leftwing"},{"predicate":{"custom_model_data":20},"model":"modelengine:capra/capra"},{"predicate":{"custom_model_data":21},"model":"modelengine:caprachains/chains"},{"predicate":{"custom_model_data":22},"model":"modelengine:concussion/concussionring2"},{"predicate":{"custom_model_data":23},"model":"modelengine:concussion/concussionring3"},{"predicate":{"custom_model_data":24},"model":"modelengine:fallingmortos/leftfoot"},{"predicate":{"custom_model_data":25},"model":"modelengine:fallingmortos/leftshin"},{"predicate":{"custom_model_data":26},"model":"modelengine:fallingmortos/leftleg"},{"predicate":{"custom_model_data":27},"model":"modelengine:fallingmortos/rightfoot"},{"predicate":{"custom_model_data":28},"model":"modelengine:fallingmortos/rightshin"},{"predicate":{"custom_model_data":29},"model":"modelengine:fallingmortos/rightleg"},{"predicate":{"custom_model_data":30},"model":"modelengine:fallingmortos/lefthand"},{"predicate":{"custom_model_data":31},"model":"modelengine:fallingmortos/leftforearm"},{"predicate":{"custom_model_data":32},"model":"modelengine:fallingmortos/leftarm"},{"predicate":{"custom_model_data":33},"model":"modelengine:fallingmortos/leftwing4"},{"predicate":{"custom_model_data":34},"model":"modelengine:fallingmortos/leftwing3"},{"predicate":{"custom_model_data":35},"model":"modelengine:fallingmortos/leftchest"},{"predicate":{"custom_model_data":36},"model":"modelengine:fallingmortos/righthand"},{"predicate":{"custom_model_data":37},"model":"modelengine:fallingmortos/rightforearm"},{"predicate":{"custom_model_data":38},"model":"modelengine:fallingmortos/rightarm"},{"predicate":{"custom_model_data":39},"model":"modelengine:fallingmortos/rightwing2"},{"predicate":{"custom_model_data":40},"model":"modelengine:fallingmortos/rightwing"},{"predicate":{"custom_model_data":41},"model":"modelengine:fallingmortos/rightchest"},{"predicate":{"custom_model_data":42},"model":"modelengine:fallingmortos/jaw"},{"predicate":{"custom_model_data":43},"model":"modelengine:fallingmortos/lefthorn"},{"predicate":{"custom_model_data":44},"model":"modelengine:fallingmortos/righthorn"},{"predicate":{"custom_model_data":45},"model":"modelengine:fallingmortos/head"},{"predicate":{"custom_model_data":46},"model":"modelengine:fallingmortos/neck2"},{"predicate":{"custom_model_data":47},"model":"modelengine:fallingmortos/neck1"},{"predicate":{"custom_model_data":48},"model":"modelengine:fallingmortos/tail4"},{"predicate":{"custom_model_data":49},"model":"modelengine:fallingmortos/tail3"},{"predicate":{"custom_model_data":50},"model":"modelengine:fallingmortos/tail2"},{"predicate":{"custom_model_data":51},"model":"modelengine:fallingmortos/tail1"},{"predicate":{"custom_model_data":52},"model":"modelengine:fallingmortos/mortos"},{"predicate":{"custom_model_data":53},"model":"modelengine:imp/leftwing"},{"predicate":{"custom_model_data":54},"model":"modelengine:imp/leftarm"},{"predicate":{"custom_model_data":55},"model":"modelengine:imp/leftleg"},{"predicate":{"custom_model_data":56},"model":"modelengine:imp/rightwing"},{"predicate":{"custom_model_data":57},"model":"modelengine:imp/rightleg"},{"predicate":{"custom_model_data":58},"model":"modelengine:imp/rightarm"},{"predicate":{"custom_model_data":59},"model":"modelengine:imp/imp"},{"predicate":{"custom_model_data":60},"model":"modelengine:magiccircle/magiccircle"},{"predicate":{"custom_model_data":61},"model":"modelengine:magnus/head"},{"predicate":{"custom_model_data":62},"model":"modelengine:magnus/right_hand"},{"predicate":{"custom_model_data":63},"model":"modelengine:magnus/right_forearm"},{"predicate":{"custom_model_data":64},"model":"modelengine:magnus/right_arm"},{"predicate":{"custom_model_data":65},"model":"modelengine:magnus/left_hand"},{"predicate":{"custom_model_data":66},"model":"modelengine:magnus/left_forearm"},{"predicate":{"custom_model_data":67},"model":"modelengine:magnus/left_arm"},{"predicate":{"custom_model_data":68},"model":"modelengine:magnus/right_foot"},{"predicate":{"custom_model_data":69},"model":"modelengine:magnus/right_leg"},{"predicate":{"custom_model_data":70},"model":"modelengine:magnus/left_foot"},{"predicate":{"custom_model_data":71},"model":"modelengine:magnus/left_leg"},{"predicate":{"custom_model_data":72},"model":"modelengine:magnus/cape4"},{"predicate":{"custom_model_data":73},"model":"modelengine:magnus/cape3"},{"predicate":{"custom_model_data":74},"model":"modelengine:magnus/cape2"},{"predicate":{"custom_model_data":75},"model":"modelengine:magnus/cape"},{"predicate":{"custom_model_data":76},"model":"modelengine:magnus/magnus"},{"predicate":{"custom_model_data":77},"model":"modelengine:magnus_fx/head"},{"predicate":{"custom_model_data":78},"model":"modelengine:magnus_fx/right_hand"},{"predicate":{"custom_model_data":79},"model":"modelengine:magnus_fx/right_hand_nosword"},{"predicate":{"custom_model_data":80},"model":"modelengine:magnus_fx/right_forearm"},{"predicate":{"custom_model_data":81},"model":"modelengine:magnus_fx/right_arm"},{"predicate":{"custom_model_data":82},"model":"modelengine:magnus_fx/left_hand"},{"predicate":{"custom_model_data":83},"model":"modelengine:magnus_fx/left_forearm"},{"predicate":{"custom_model_data":84},"model":"modelengine:magnus_fx/left_arm"},{"predicate":{"custom_model_data":85},"model":"modelengine:magnus_fx/right_foot"},{"predicate":{"custom_model_data":86},"model":"modelengine:magnus_fx/right_leg"},{"predicate":{"custom_model_data":87},"model":"modelengine:magnus_fx/left_foot"},{"predicate":{"custom_model_data":88},"model":"modelengine:magnus_fx/left_leg"},{"predicate":{"custom_model_data":89},"model":"modelengine:magnus_fx/cape4"},{"predicate":{"custom_model_data":90},"model":"modelengine:magnus_fx/cape3"},{"predicate":{"custom_model_data":91},"model":"modelengine:magnus_fx/cape2"},{"predicate":{"custom_model_data":92},"model":"modelengine:magnus_fx/cape"},{"predicate":{"custom_model_data":93},"model":"modelengine:magnus_fx/magnus"},{"predicate":{"custom_model_data":94},"model":"modelengine:magnus_sword/right_hand"},{"predicate":{"custom_model_data":95},"model":"modelengine:meteor/meteor"},{"predicate":{"custom_model_data":96},"model":"modelengine:mortos/leftfoot"},{"predicate":{"custom_model_data":97},"model":"modelengine:mortos/leftshin"},{"predicate":{"custom_model_data":98},"model":"modelengine:mortos/leftleg"},{"predicate":{"custom_model_data":99},"model":"modelengine:mortos/rightfoot"},{"predicate":{"custom_model_data":100},"model":"modelengine:mortos/rightshin"},{"predicate":{"custom_model_data":101},"model":"modelengine:mortos/rightleg"},{"predicate":{"custom_model_data":102},"model":"modelengine:mortos/lefthand"},{"predicate":{"custom_model_data":103},"model":"modelengine:mortos/leftforearm"},{"predicate":{"custom_model_data":104},"model":"modelengine:mortos/leftarm"},{"predicate":{"custom_model_data":105},"model":"modelengine:mortos/leftwing4"},{"predicate":{"custom_model_data":106},"model":"modelengine:mortos/leftwing3"},{"predicate":{"custom_model_data":107},"model":"modelengine:mortos/leftchest"},{"predicate":{"custom_model_data":108},"model":"modelengine:mortos/righthand"},{"predicate":{"custom_model_data":109},"model":"modelengine:mortos/rightforearm"},{"predicate":{"custom_model_data":110},"model":"modelengine:mortos/rightarm"},{"predicate":{"custom_model_data":111},"model":"modelengine:mortos/rightwing2"},{"predicate":{"custom_model_data":112},"model":"modelengine:mortos/rightwing"},{"predicate":{"custom_model_data":113},"model":"modelengine:mortos/rightchest"},{"predicate":{"custom_model_data":114},"model":"modelengine:mortos/jaw"},{"predicate":{"custom_model_data":115},"model":"modelengine:mortos/lefthorn"},{"predicate":{"custom_model_data":116},"model":"modelengine:mortos/righthorn"},{"predicate":{"custom_model_data":117},"model":"modelengine:mortos/head"},{"predicate":{"custom_model_data":118},"model":"modelengine:mortos/neck2"},{"predicate":{"custom_model_data":119},"model":"modelengine:mortos/neck1"},{"predicate":{"custom_model_data":120},"model":"modelengine:mortos/tail4"},{"predicate":{"custom_model_data":121},"model":"modelengine:mortos/tail3"},{"predicate":{"custom_model_data":122},"model":"modelengine:mortos/tail2"},{"predicate":{"custom_model_data":123},"model":"modelengine:mortos/tail1"},{"predicate":{"custom_model_data":124},"model":"modelengine:mortos/mortos"},{"predicate":{"custom_model_data":125},"model":"modelengine:phillip/frontrightleg"},{"predicate":{"custom_model_data":126},"model":"modelengine:phillip/righthorn"},{"predicate":{"custom_model_data":127},"model":"modelengine:phillip/lefthorn"},{"predicate":{"custom_model_data":128},"model":"modelengine:phillip/head"},{"predicate":{"custom_model_data":129},"model":"modelengine:phillip/backrightleg"},{"predicate":{"custom_model_data":130},"model":"modelengine:phillip/frontleftleg"},{"predicate":{"custom_model_data":131},"model":"modelengine:phillip/backleftleg"},{"predicate":{"custom_model_data":132},"model":"modelengine:phillip/phillip"},{"predicate":{"custom_model_data":133},"model":"modelengine:rotter/lefthand"},{"predicate":{"custom_model_data":134},"model":"modelengine:rotter/leftforearm"},{"predicate":{"custom_model_data":135},"model":"modelengine:rotter/leftarm"},{"predicate":{"custom_model_data":136},"model":"modelengine:rotter/righthand"},{"predicate":{"custom_model_data":137},"model":"modelengine:rotter/rightforearm"},{"predicate":{"custom_model_data":138},"model":"modelengine:rotter/rightarm"},{"predicate":{"custom_model_data":139},"model":"modelengine:rotter/leftfoot"},{"predicate":{"custom_model_data":140},"model":"modelengine:rotter/leftleg"},{"predicate":{"custom_model_data":141},"model":"modelengine:rotter/rightfoot"},{"predicate":{"custom_model_data":142},"model":"modelengine:rotter/rightleg"},{"predicate":{"custom_model_data":143},"model":"modelengine:rotter/jaw"},{"predicate":{"custom_model_data":144},"model":"modelengine:rotter/head"},{"predicate":{"custom_model_data":145},"model":"modelengine:rotter/rotter"},{"predicate":{"custom_model_data":146},"model":"modelengine:scythe/fx"},{"predicate":{"custom_model_data":147},"model":"modelengine:scythe/scythe"},{"predicate":{"custom_model_data":148},"model":"modelengine:slashfx/slashfx"}]}