{"textures":{"0":"modelengine:entity/mortos2"},"elements":[{"name":"cube","from":[5.6,4.7,7.7],"to":[11.6,10.700001,14.900001],"rotation":{"angle":0.0,"axis":"x","origin":[13.400001,17.6,9.2]},"faces":{"down":{"uv":[2.43125,10.06875,1.81875,10.80625],"rotation":0,"texture":"#0","tintindex":0},"east":{"uv":[9.94375,5.50625,10.68125,6.11875],"rotation":0,"texture":"#0","tintindex":0},"north":{"uv":[2.81875,10.31875,3.43125,10.93125],"rotation":0,"texture":"#0","tintindex":0},"south":{"uv":[10.31875,4.00625,10.93125,4.61875],"rotation":0,"texture":"#0","tintindex":0},"up":{"uv":[10.61875,8.05625,10.00625,7.31875],"rotation":0,"texture":"#0","tintindex":0},"west":{"uv":[9.94375,6.13125,10.68125,6.74375],"rotation":0,"texture":"#0","tintindex":0}}},{"name":"cube","from":[6.2,4.7,14.900001],"to":[10.4,9.5,19.1],"rotation":{"angle":0.0,"axis":"x","origin":[13.400001,17.6,9.2]},"faces":{"down":{"uv":[11.74375,5.75625,11.31875,6.18125],"rotation":0,"texture":"#0","tintindex":0},"east":{"uv":[11.19375,0.63125,11.61875,1.11875],"rotation":0,"texture":"#0","tintindex":0},"north":{"uv":[9.19375,11.13125,9.61875,11.61875],"rotation":0,"texture":"#0","tintindex":0},"south":{"uv":[8.13125,11.19375,8.55625,11.68125],"rotation":0,"texture":"#0","tintindex":0},"up":{"uv":[6.93125,5.11875,6.50625,4.69375],"rotation":0,"texture":"#0","tintindex":0},"west":{"uv":[11.25625,5.25625,11.68125,5.74375],"rotation":0,"texture":"#0","tintindex":0}}}],"display":{"head":{"translation":[0.0,-6.4,0.0],"rotation":[0.0,0.0,0.0],"scale":[3.8095,3.8095,3.8095]}}}