{"textures":{"0":"modelengine:entity/magnussword","1":"modelengine:entity/magnusshield","2":"modelengine:entity/magnus","3":"modelengine:entity/magnusswordfx","4":"modelengine:entity/magnuscracks"},"elements":[{"name":"cube","from":[7.8915906,7.1060677,11.521258],"to":[9.177305,8.820353,19.664116],"rotation":{"angle":0.0,"axis":"x","origin":[2.320162,6.2489247,14.949829]},"faces":{"down":{"uv":[3.25,8.125,2.875,10.5],"rotation":0,"texture":"#0","tintindex":0},"east":{"uv":[7.25,2.875,9.625,3.375],"rotation":0,"texture":"#0","tintindex":0},"north":{"uv":[2.125,10.375,2.5,10.875],"rotation":0,"texture":"#0","tintindex":0},"south":{"uv":[7.125,10.375,7.5,10.875],"rotation":0,"texture":"#0","tintindex":0},"up":{"uv":[5.375,9.625,5.0,7.25],"rotation":0,"texture":"#0","tintindex":0},"west":{"uv":[7.25,3.375,9.625,3.875],"rotation":0,"texture":"#0","tintindex":0}}},{"name":"cube","from":[7.4630194,6.677496,19.664116],"to":[9.605877,9.248924,23.52126],"rotation":{"angle":0.0,"axis":"x","origin":[2.320162,6.2489247,14.949829]},"faces":{"down":{"uv":[9.875,1.25,9.25,2.375],"rotation":0,"texture":"#0","tintindex":0},"east":{"uv":[7.125,8.5,8.25,9.25],"rotation":0,"texture":"#0","tintindex":0},"north":{"uv":[8.0,9.75,8.625,10.5],"rotation":0,"texture":"#0","tintindex":0},"south":{"uv":[8.625,9.75,9.25,10.5],"rotation":0,"texture":"#0","tintindex":0},"up":{"uv":[9.75,8.0,9.125,6.875],"rotation":0,"texture":"#0","tintindex":0},"west":{"uv":[8.25,8.5,9.375,9.25],"rotation":0,"texture":"#0","tintindex":0}}},{"name":"cube","from":[7.4630194,6.677496,8.949829],"to":[9.605877,9.248924,11.521258],"rotation":{"angle":0.0,"axis":"x","origin":[2.320162,6.2489247,14.949829]},"faces":{"down":{"uv":[10.5,9.0,9.875,9.75],"rotation":0,"texture":"#0","tintindex":0},"east":{"uv":[5.375,9.375,6.125,10.125],"rotation":0,"texture":"#0","tintindex":0},"north":{"uv":[9.25,9.75,9.875,10.5],"rotation":0,"texture":"#0","tintindex":0},"south":{"uv":[9.875,1.125,10.5,1.875],"rotation":0,"texture":"#0","tintindex":0},"up":{"uv":[5.125,10.625,4.5,9.875],"rotation":0,"texture":"#0","tintindex":0},"west":{"uv":[1.75,9.625,2.5,10.375],"rotation":0,"texture":"#0","tintindex":0}}},{"name":"cube","from":[7.2487335,3.2489245,7.2355437],"to":[9.39159,12.248924,8.949829],"rotation":{"angle":0.0,"axis":"x","origin":[2.320162,6.2489247,14.949829]},"faces":{"down":{"uv":[10.875,0.0,10.25,0.5],"rotation":0,"texture":"#0","tintindex":0},"east":{"uv":[4.0,7.125,4.5,9.75],"rotation":0,"texture":"#0","tintindex":0},"north":{"uv":[5.375,3.5,6.0,6.125],"rotation":0,"texture":"#0","tintindex":0},"south":{"uv":[6.0,3.5,6.625,6.125],"rotation":0,"texture":"#0","tintindex":0},"up":{"uv":[10.5,2.375,9.875,1.875],"rotation":0,"texture":"#0","tintindex":0},"west":{"uv":[4.5,7.25,5.0,9.875],"rotation":0,"texture":"#0","tintindex":0}}},{"name":"cube","from":[6.820162,5.8203535,3.3784008],"to":[9.820162,9.677496,8.949829],"rotation":{"angle":0.0,"axis":"x","origin":[2.320162,6.2489247,14.949829]},"faces":{"down":{"uv":[8.125,1.25,7.25,2.875],"rotation":0,"texture":"#0","tintindex":0},"east":{"uv":[5.25,1.25,6.875,2.375],"rotation":0,"texture":"#0","tintindex":0},"north":{"uv":[7.25,3.875,8.125,5.0],"rotation":0,"texture":"#0","tintindex":0},"south":{"uv":[8.125,3.875,9.0,5.0],"rotation":0,"texture":"#0","tintindex":0},"up":{"uv":[8.0,8.5,7.125,6.875],"rotation":0,"texture":"#0","tintindex":0},"west":{"uv":[5.25,2.375,6.875,3.5],"rotation":0,"texture":"#0","tintindex":0}}},{"name":"cube","from":[5.9630194,6.891782,5.5212584],"to":[10.677305,8.606068,7.2355437],"rotation":{"angle":0.0,"axis":"x","origin":[2.320162,6.2489247,14.949829]},"faces":{"down":{"uv":[8.5,9.25,7.125,9.75],"rotation":0,"texture":"#0","tintindex":0},"east":{"uv":[10.25,5.875,10.75,6.375],"rotation":0,"texture":"#0","tintindex":0},"north":{"uv":[9.0,4.625,10.375,5.125],"rotation":0,"texture":"#0","tintindex":0},"south":{"uv":[9.125,8.0,10.5,8.5],"rotation":0,"texture":"#0","tintindex":0},"up":{"uv":[10.625,2.875,9.25,2.375],"rotation":0,"texture":"#0","tintindex":0},"west":{"uv":[10.25,6.375,10.75,6.875],"rotation":0,"texture":"#0","tintindex":0}}},{"name":"cube","from":[5.9630194,6.891782,-13.335884],"to":[10.677305,8.606068,-11.621599],"rotation":{"angle":0.0,"axis":"x","origin":[2.320162,6.2489247,14.949829]},"faces":{"down":{"uv":[11.0,2.875,9.625,3.375],"rotation":0,"texture":"#0","tintindex":0},"east":{"uv":[1.625,10.375,2.125,10.875],"rotation":0,"texture":"#0","tintindex":0},"north":{"uv":[8.5,9.25,9.875,9.75],"rotation":0,"texture":"#0","tintindex":0},"south":{"uv":[9.375,8.5,10.75,9.0],"rotation":0,"texture":"#0","tintindex":0},"up":{"uv":[1.75,10.125,0.375,9.625],"rotation":0,"texture":"#0","tintindex":0},"west":{"uv":[10.375,4.625,10.875,5.125],"rotation":0,"texture":"#0","tintindex":0}}},{"name":"cube","from":[6.820162,6.677496,-13.764456],"to":[9.820162,8.820353,3.3784008],"rotation":{"angle":0.0,"axis":"x","origin":[2.320162,6.2489247,14.949829]},"faces":{"down":{"uv":[0.875,4.25,0.0,9.25],"rotation":0,"texture":"#0","tintindex":0},"east":{"uv":[4.75,0.0,9.75,0.625],"rotation":0,"texture":"#0","tintindex":0},"north":{"uv":[9.75,6.875,10.625,7.5],"rotation":0,"texture":"#0","tintindex":0},"south":{"uv":[7.125,9.75,8.0,10.375],"rotation":0,"texture":"#0","tintindex":0},"up":{"uv":[4.75,5.0,3.875,0.0],"rotation":0,"texture":"#0","tintindex":0},"west":{"uv":[4.75,0.625,9.75,1.25],"rotation":0,"texture":"#0","tintindex":0}}},{"name":"cube","from":[7.3590302,4.106067,-6.05017],"to":[9.180458,11.391782,7.2355437],"rotation":{"angle":0.0,"axis":"x","origin":[2.3447447,6.2489247,14.949829]},"faces":{"down":{"uv":[5.25,1.25,4.75,5.125],"rotation":0,"texture":"#0","tintindex":0},"east":{"uv":[0.0,0.0,3.875,2.125],"rotation":0,"texture":"#0","tintindex":0},"north":{"uv":[0.875,7.5,1.375,9.625],"rotation":0,"texture":"#0","tintindex":0},"south":{"uv":[1.375,7.5,1.875,9.625],"rotation":0,"texture":"#0","tintindex":0},"up":{"uv":[3.625,8.125,3.125,4.25],"rotation":0,"texture":"#0","tintindex":0},"west":{"uv":[0.0,2.125,3.875,4.25],"rotation":0,"texture":"#0","tintindex":0}}},{"name":"cube","from":[7.3590302,4.9632106,-8.1930275],"to":[9.180458,10.534639,-6.05017],"rotation":{"angle":0.0,"axis":"x","origin":[2.3447447,6.2489247,14.949829]},"faces":{"down":{"uv":[10.75,0.5,10.25,1.125],"rotation":0,"texture":"#0","tintindex":0},"east":{"uv":[8.0,6.875,8.625,8.5],"rotation":0,"texture":"#0","tintindex":0},"north":{"uv":[8.625,6.875,9.125,8.5],"rotation":0,"texture":"#0","tintindex":0},"south":{"uv":[8.75,1.25,9.25,2.875],"rotation":0,"texture":"#0","tintindex":0},"up":{"uv":[6.375,10.75,5.875,10.125],"rotation":0,"texture":"#0","tintindex":0},"west":{"uv":[8.125,1.25,8.75,2.875],"rotation":0,"texture":"#0","tintindex":0}}},{"name":"cube","from":[7.6253104,10.748924,-6.05017],"to":[8.911024,12.034639,7.2355437],"rotation":{"angle":45.0,"axis":"z","origin":[8.2681675,11.391782,-3.2644567]},"faces":{"down":{"uv":[6.75,6.875,6.375,10.75],"rotation":0,"texture":"#0","tintindex":0},"east":{"uv":[6.375,6.125,10.25,6.5],"rotation":0,"texture":"#0","tintindex":0},"north":{"uv":[10.375,9.75,10.75,10.125],"rotation":0,"texture":"#0","tintindex":0},"south":{"uv":[10.375,10.125,10.75,10.5],"rotation":0,"texture":"#0","tintindex":0},"up":{"uv":[7.25,5.125,6.875,1.25],"rotation":0,"texture":"#0","tintindex":0},"west":{"uv":[6.375,6.5,10.25,6.875],"rotation":0,"texture":"#0","tintindex":0}}},{"name":"cube","from":[7.6284647,3.46321,-6.05017],"to":[8.914179,4.7489247,7.2355437],"rotation":{"angle":45.0,"axis":"z","origin":[8.271321,4.106067,-10.55017]},"faces":{"down":{"uv":[4.0,7.125,3.625,11.0],"rotation":0,"texture":"#0","tintindex":0},"east":{"uv":[6.625,5.125,10.5,5.5],"rotation":0,"texture":"#0","tintindex":0},"north":{"uv":[10.5,1.125,10.875,1.5],"rotation":0,"texture":"#0","tintindex":0},"south":{"uv":[10.5,1.5,10.875,1.875],"rotation":0,"texture":"#0","tintindex":0},"up":{"uv":[7.125,10.75,6.75,6.875],"rotation":0,"texture":"#0","tintindex":0},"west":{"uv":[6.625,5.5,10.5,5.875],"rotation":0,"texture":"#0","tintindex":0}}},{"name":"cube","from":[7.3590302,4.106067,-11.1930275],"to":[9.180458,11.391782,-8.1930275],"rotation":{"angle":0.0,"axis":"x","origin":[2.3447447,6.2489247,-0.4787426]},"faces":{"down":{"uv":[0.875,10.125,0.375,11.0],"rotation":0,"texture":"#0","tintindex":0},"east":{"uv":[3.625,5.0,4.5,7.125],"rotation":0,"texture":"#0","tintindex":0},"north":{"uv":[1.875,7.5,2.375,9.625],"rotation":0,"texture":"#0","tintindex":0},"south":{"uv":[2.375,7.5,2.875,9.625],"rotation":0,"texture":"#0","tintindex":0},"up":{"uv":[10.375,10.625,9.875,9.75],"rotation":0,"texture":"#0","tintindex":0},"west":{"uv":[4.5,5.125,5.375,7.25],"rotation":0,"texture":"#0","tintindex":0}}},{"name":"cube","from":[7.6253104,10.748924,-11.1930275],"to":[8.911024,12.034639,-8.1930275],"rotation":{"angle":45.0,"axis":"z","origin":[8.2681675,11.391782,-18.693027]},"faces":{"down":{"uv":[5.875,10.125,5.5,11.0],"rotation":0,"texture":"#0","tintindex":0},"east":{"uv":[9.625,3.375,10.5,3.75],"rotation":0,"texture":"#0","tintindex":0},"north":{"uv":[10.5,1.875,10.875,2.25],"rotation":0,"texture":"#0","tintindex":0},"south":{"uv":[2.875,10.5,3.25,10.875],"rotation":0,"texture":"#0","tintindex":0},"up":{"uv":[5.5,11.0,5.125,10.125],"rotation":0,"texture":"#0","tintindex":0},"west":{"uv":[9.75,7.5,10.625,7.875],"rotation":0,"texture":"#0","tintindex":0}}},{"name":"cube","from":[7.6253104,11.391782,-11.835884],"to":[8.911024,15.248924,-10.55017],"rotation":{"angle":-45.0,"axis":"y","origin":[8.2681675,21.891783,-11.1930275]},"faces":{"down":{"uv":[10.875,5.125,10.5,5.5],"rotation":0,"texture":"#0","tintindex":0},"east":{"uv":[0.875,10.125,1.25,11.25],"rotation":0,"texture":"#0","tintindex":0},"north":{"uv":[2.5,9.625,2.875,10.75],"rotation":0,"texture":"#0","tintindex":0},"south":{"uv":[1.25,10.125,1.625,11.25],"rotation":0,"texture":"#0","tintindex":0},"up":{"uv":[10.875,3.75,10.5,3.375],"rotation":0,"texture":"#0","tintindex":0},"west":{"uv":[3.25,10.125,3.625,11.25],"rotation":0,"texture":"#0","tintindex":0}}},{"name":"cube","from":[7.3590302,4.106067,-15.050171],"to":[9.180458,15.248924,-11.1930275],"rotation":{"angle":0.0,"axis":"x","origin":[2.3447447,3.677496,-16.335884]},"faces":{"down":{"uv":[4.5,9.75,4.0,10.875],"rotation":0,"texture":"#0","tintindex":0},"east":{"uv":[0.875,4.25,2.0,7.5],"rotation":0,"texture":"#0","tintindex":0},"north":{"uv":[5.375,6.125,5.875,9.375],"rotation":0,"texture":"#0","tintindex":0},"south":{"uv":[5.875,6.125,6.375,9.375],"rotation":0,"texture":"#0","tintindex":0},"up":{"uv":[10.25,1.125,9.75,0.0],"rotation":0,"texture":"#0","tintindex":0},"west":{"uv":[2.0,4.25,3.125,7.5],"rotation":0,"texture":"#0","tintindex":0}}},{"name":"cube","from":[7.6284647,3.46321,-15.050171],"to":[8.914179,4.7489247,-8.1930275],"rotation":{"angle":45.0,"axis":"z","origin":[8.271321,4.106067,-25.978743]},"faces":{"down":{"uv":[0.375,9.25,0.0,11.25],"rotation":0,"texture":"#0","tintindex":0},"east":{"uv":[9.0,3.875,11.0,4.25],"rotation":0,"texture":"#0","tintindex":0},"north":{"uv":[0.375,9.25,0.75,9.625],"rotation":0,"texture":"#0","tintindex":0},"south":{"uv":[7.5,10.375,7.875,10.75],"rotation":0,"texture":"#0","tintindex":0},"up":{"uv":[3.625,10.125,3.25,8.125],"rotation":0,"texture":"#0","tintindex":0},"west":{"uv":[9.0,4.25,11.0,4.625],"rotation":0,"texture":"#0","tintindex":0}}}],"display":{"head":{"translation":[0.0,-6.4,0.0],"rotation":[0.0,0.0,0.0],"scale":[3.7333333,3.7333333,3.7333333]}}}